-- ===========================================================================
-- nvims-sms v0.13 -- synthetic seed data
-- Generated by: synthetic_data/seed.py
-- Run with:  psql -d <dbname> -f synthetic_data/seed.sql
-- ===========================================================================

BEGIN;

-- disability_types
INSERT INTO public.disability_types (disability_id, disability_name) VALUES
  ('11', 'Hearing/Deaf'),
  ('12', 'Physical'),
  ('13', 'Intellectual'),
  ('14', 'Learning'),
  ('15', 'Mental illness'),
  ('16', 'Acquired brain impairment'),
  ('17', 'Vision'),
  ('18', 'Medical condition'),
  ('19', 'Other')
ON CONFLICT DO NOTHING;

-- prior_educational_achievements
INSERT INTO public.prior_educational_achievements (achievement_id, achievement_name) VALUES
  ('420', 'Bachelor degree or higher'),
  ('410', 'Advanced diploma or associate degree'),
  ('514', 'Certificate IV'),
  ('521', 'Certificate III'),
  ('524', 'Certificate II'),
  ('527', 'Certificate I'),
  ('811', 'Other certificates'),
  ('000', 'None'),
  ('999', 'Not stated')
ON CONFLICT DO NOTHING;

INSERT INTO public.secondary_schools (id, school_name, national_school_code, school_state_code) VALUES
  (1, 'Shepparton High School', 'VIC0001', 'VIC'),
  (2, 'Wangaratta High School', 'VIC0002', 'VIC'),
  (3, 'Bendigo Senior Secondary College', 'VIC0003', 'VIC'),
  (4, 'Ballarat Clarendon College', 'VIC0004', 'VIC'),
  (5, 'The Geelong College', 'VIC0005', 'VIC')
;

INSERT INTO public.faculties (id, faculty_name) VALUES
  (1, 'Business, Leadership & Technology'),
  (2, 'Health, Community & Education'),
  (3, 'Trades & Engineering')
;

INSERT INTO public.training_orgs
  (id, training_org_id, training_org_name, training_org_type,
   address_first_line, suburb, state_code, postcode,
   contact_name, telephone, email) VALUES
  (1, '4082', 'Wattle Valley Institute of TAFE', '70',
   '1 Learning Drive', 'Shepparton', 'VIC', '3630',
   'Dr Sarah Brennan', '0358001000', 'info@wattlevalley.edu.au');

INSERT INTO public.delivery_locations (id, training_org_id, delivery_loc_id, name, address, suburb, state_code, postcode) VALUES
  (1, 1, 'SHE-01', 'Shepparton Campus', '1 Learning Drive', 'Shepparton', 'VIC', '3630'),
  (2, 1, 'WAN-01', 'Wangaratta Campus', '45 Murphy Street', 'Wangaratta', 'VIC', '3677')
;

INSERT INTO public.buildings (id, delivery_location_id, building_name) VALUES
  (1, 1, 'Building A'),
  (2, 1, 'Building B'),
  (3, 2, 'Main Block'),
  (4, 2, 'Trade Centre')
;

INSERT INTO public.rooms (id, building_id, room_name, capacity, room_type) VALUES
  (1, 1, 'Room 01', 23, 'Seminar Room'),
  (2, 1, 'Room 02', 28, 'Classroom'),
  (3, 1, 'Room 03', 27, 'Classroom'),
  (4, 2, 'Room 01', 23, 'Classroom'),
  (5, 2, 'Room 02', 22, 'Seminar Room'),
  (6, 2, 'Room 03', 33, 'Seminar Room'),
  (7, 3, 'Room 01', 20, 'Classroom'),
  (8, 3, 'Room 02', 26, 'Classroom'),
  (9, 3, 'Room 03', 20, 'Classroom'),
  (10, 4, 'Room 01', 26, 'Workshop'),
  (11, 4, 'Room 02', 33, 'Workshop'),
  (12, 4, 'Room 03', 27, 'Workshop')
;

INSERT INTO public.programs (id, faculty_id, program_code, program_name, program_recognition_id, level_of_education, field_of_education, nominal_hours, vet_flag, he_flag, credit_points, aqf_level) VALUES
  (1,1,'BSB50120','Diploma of Business','11','411','0800',1000,TRUE,FALSE,NULL,5),
  (2,1,'BSB40120','Certificate IV in Business','11','521','0800',720,TRUE,FALSE,NULL,4),
  (3,1,'BSB30120','Certificate III in Business','11','514','0800',400,TRUE,FALSE,NULL,3),
  (4,2,'CHC52021','Diploma of Community Services','11','411','0900',1085,TRUE,FALSE,NULL,5),
  (5,2,'CHC43015','Certificate IV in Ageing Support','11','521','0900',720,TRUE,FALSE,NULL,4),
  (6,2,'CHC33015','Certificate III in Individual Support','11','514','0900',993,TRUE,FALSE,NULL,3),
  (7,3,'MEM30319','Certificate III in Engineering','11','514','0300',740,TRUE,FALSE,NULL,3),
  (8,3,'ICT50220','Diploma of Information Technology','11','411','0200',960,TRUE,FALSE,NULL,5)
;

INSERT INTO public.subjects (id, subject_code, subject_name, module_flag, field_of_education, nominal_hours, vet_flag) VALUES
  (1,'BSBOPS501','Manage business resources','N','0800',60,TRUE),
  (2,'BSBOPS502','Manage business operational plans','N','0800',60,TRUE),
  (3,'BSBCRT511','Develop critical thinking in others','N','0800',60,TRUE),
  (4,'BSBPEF501','Manage personal and professional development','N','0800',60,TRUE),
  (5,'BSBLDR523','Lead and manage effective workplace relationships','N','0800',60,TRUE),
  (6,'BSBXCM401','Apply communication strategies in the workplace','N','0800',60,TRUE),
  (7,'BSBFIN401','Report on financial activity','N','0800',60,TRUE),
  (8,'BSBOPS201','Work effectively in business environments','N','0800',40,TRUE),
  (9,'CHCCCS040','Support independence and wellbeing','N','0900',60,TRUE),
  (10,'CHCCCS041','Recognise healthy body systems','N','0900',60,TRUE),
  (11,'CHCCCS042','Support community participation and inclusion','N','0900',60,TRUE),
  (12,'CHCCOM005','Communicate and work in health or community services','N','0900',80,TRUE),
  (13,'CHCLEG001','Work legally and ethically','N','0900',40,TRUE),
  (14,'HLTWHS002','Follow safe work practices for direct client care','N','0900',20,TRUE),
  (15,'CHCDIV001','Work with diverse people','N','0900',40,TRUE),
  (16,'CHCMHS011','Assess and promote social, emotional and physical wellbeing','N','0900',100,TRUE),
  (17,'MEM18001B','Use hand tools','N','0300',40,TRUE),
  (18,'MEM18002B','Use power tools and hand-held operations','N','0300',40,TRUE),
  (19,'MEM12023A','Perform engineering measurements','N','0300',40,TRUE),
  (20,'MEM13003B','Work safely','N','0300',20,TRUE),
  (21,'MEM14004A','Plan a complete activity','N','0300',40,TRUE),
  (22,'ICTICT517','Match ICT needs with the strategic direction of the organisation','N','0200',60,TRUE),
  (23,'ICTSAS524','Develop, implement and evaluate an incident response plan','N','0200',60,TRUE),
  (24,'BSBPJT521','Manage projects','N','0200',80,TRUE)
;

INSERT INTO public.subject_programs (subject_id, program_id) VALUES
  (12, 4),
  (22, 8),
  (3, 1),
  (5, 1),
  (9, 5),
  (8, 3),
  (11, 5),
  (2, 2),
  (16, 4),
  (24, 8),
  (15, 5),
  (6, 2),
  (18, 7),
  (20, 7),
  (4, 2),
  (14, 6),
  (12, 6),
  (9, 4),
  (10, 5),
  (13, 4),
  (2, 1),
  (15, 4),
  (7, 3),
  (12, 5),
  (3, 2),
  (4, 1),
  (23, 8),
  (14, 5),
  (17, 7),
  (19, 7),
  (10, 4),
  (1, 1),
  (9, 6),
  (15, 6),
  (13, 6),
  (7, 2),
  (6, 3),
  (21, 7)
;

INSERT INTO public.academic_periods (id, period_code, year, period_name, start_date, end_date, period_type, sequence_number) VALUES
  (1,'SEM1-2025',2025,'Semester 1 2025','2025-02-03','2025-06-27','SEMESTER',1),
  (2,'SEM2-2025',2025,'Semester 2 2025','2025-07-14','2025-11-28','SEMESTER',2),
  (3,'SEM1-2026',2026,'Semester 1 2026','2026-02-02','2026-06-26','SEMESTER',1),
  (4,'SEM2-2026',2026,'Semester 2 2026','2026-07-13','2026-11-27','SEMESTER',2)
;

INSERT INTO public.people (id, first_given_name, family_name, dob, gender, street_number, street_name, suburb, state_code, postcode, country_id, primary_email, phone_mobile) VALUES
  (1,'Margaret','Johnson','1975-05-03','F','72','Donald Circle','Frankston','VIC','3199','1101','margaret.johnson@staff.wattlevalley.edu.au','0410872248'),
  (2,'Michael','Mcclain','1968-07-25','M','109','Johnson Centre','Footscray','VIC','3011','1101','michael.mcclain@staff.wattlevalley.edu.au','0455667651'),
  (3,'Colleen','Wagner','1966-05-22','F','56','Jennifer Top','Seymour','VIC','3660','1101','colleen.wagner@staff.wattlevalley.edu.au','0455176955'),
  (4,'Joshua','Robinson','1986-08-25','M','98','Katherine Crescent','Wodonga','VIC','3689','1101','joshua.robinson@staff.wattlevalley.edu.au','0422981052'),
  (5,'Melissa','Peterson','1971-01-12','F','89','Garcia Laneway','Cranbourne','VIC','3977','1101','melissa.peterson@staff.wattlevalley.edu.au','0491030736'),
  (6,'Anne','Abbott','1987-03-03','F','12','Jessica Reach','Sunshine','VIC','3020','1101','anne.abbott@staff.wattlevalley.edu.au','0471662963'),
  (7,'Calvin','Nielsen','1968-04-09','M','97','Calderon Route','Pakenham','VIC','3810','1101','calvin.nielsen@staff.wattlevalley.edu.au','0420576383'),
  (8,'Stacey','Ward','1972-05-10','F','161','Brandon End','Werribee','VIC','3030','1101','stacey.ward@staff.wattlevalley.edu.au','0493016315'),
  (9,'Patricia','Galloway','1996-03-23','F','50','Norman Parkway','Frankston','VIC','3199','1101','patricia.galloway@staff.wattlevalley.edu.au','0419335534'),
  (10,'Mark','Diaz','1978-10-05','M','59','Elizabeth Top','Box Hill','VIC','3128','1101','mark.diaz@staff.wattlevalley.edu.au','0448840994'),
  (11,'Timothy','Wong','1987-05-13','M','60','Amanda Expressway','Cranbourne','VIC','3977','1101','timothy.wong@staff.wattlevalley.edu.au','0423556182'),
  (12,'Carla','Gray','2001-01-21','F','117','Gabrielle Walk','Geelong','VIC','3220','1101','carla.gray@staff.wattlevalley.edu.au','0495320121'),
  (13,'Patty','Perez','1966-08-04','F','95','Morales Break','Echuca','VIC','3564','1101','patty.perez@staff.wattlevalley.edu.au','0457683626'),
  (14,'Daniel','Hahn','2005-11-06','M','69','Lewis Port','Box Hill','VIC','3128','1101','daniel.hahn@student.wattlevalley.edu.au','0496977837'),
  (15,'James','Rocha','1993-09-28','M','163','Taylor Vale','Knox','VIC','3152','1101','james.rocha@student.wattlevalley.edu.au','0432969840'),
  (16,'Justin','Baker','1997-05-21','M','119','Cox Corner','Echuca','VIC','3564','1101','justin.baker@student.wattlevalley.edu.au','0460929647'),
  (17,'Katrina','Davis','1981-10-20','F','164','Eric Crescent','Pakenham','VIC','3810','1101','katrina.davis@student.wattlevalley.edu.au','0484752529'),
  (18,'Ricky','Henderson','1982-04-11','M','84','Carlson Path','Box Hill','VIC','3128','1101','ricky.henderson@student.wattlevalley.edu.au','0417507864'),
  (19,'Joseph','Maddox','2005-05-25','M','9','Erin Circus','Werribee','VIC','3030','1101','joseph.maddox@student.wattlevalley.edu.au','0452339391'),
  (20,'Melanie','Herrera','1988-03-04','F','17','Rodriguez Nook','Geelong','VIC','3220','1101','melanie.herrera@student.wattlevalley.edu.au','0438317637'),
  (21,'Brooke','Smith','2001-05-17','F','168','Stanton Wade','Ballarat','VIC','3350','1101','brooke.smith@student.wattlevalley.edu.au','0477005685'),
  (22,'Cassandra','Gaines','2005-09-05','F','235','Skinner Quad','Berwick','VIC','3806','1101','cassandra.gaines@student.wattlevalley.edu.au','0496282117'),
  (23,'Lisa','Hernandez','2002-07-19','F','68','Carol Pocket','Seymour','VIC','3660','1101','lisa.hernandez@student.wattlevalley.edu.au','0428740864'),
  (24,'Alec','Hickman','2005-12-01','M','144','Allen Estate','Brunswick','VIC','3056','1101','alec.hickman@student.wattlevalley.edu.au','0482340307'),
  (25,'Sherry','Arroyo','1982-12-02','F','150','Cabrera Vista','Brunswick','VIC','3056','1101','sherry.arroyo@student.wattlevalley.edu.au','0467503414'),
  (26,'Kim','Martinez','1999-07-27','F','57','Joseph Rosebowl','Mildura','VIC','3500','1101','kim.martinez@student.wattlevalley.edu.au','0428566572'),
  (27,'Jenny','Lewis','1996-01-28','F','194','Jennifer Lookout','Wodonga','VIC','3689','1101','jenny.lewis@student.wattlevalley.edu.au','0416323852'),
  (28,'Zachary','Santos','1993-02-20','M','161','Martinez Elbow','Seymour','VIC','3660','1101','zachary.santos@student.wattlevalley.edu.au','0431472420'),
  (29,'Amy','Smith','1996-07-01','F','17','Adrian Towers','Knox','VIC','3152','1101','amy.smith@student.wattlevalley.edu.au','0461642594'),
  (30,'Lynn','Perez','2006-09-10','F','120','Jones Esplanade','Knox','VIC','3152','1101','lynn.perez@student.wattlevalley.edu.au','0481016525'),
  (31,'Diana','Washington','1996-01-27','F','221','Sanchez Piazza','Dandenong','VIC','3175','1101','diana.washington@student.wattlevalley.edu.au','0411540956'),
  (32,'Robert','Lee','1983-03-31','M','227','Gomez Mall','Box Hill','VIC','3128','1101','robert.lee@student.wattlevalley.edu.au','0482070937'),
  (33,'Julie','Daniel','1999-12-18','F','165','Bruce Trunkway','Preston','VIC','3072','1101','julie.daniel@student.wattlevalley.edu.au','0455657579'),
  (34,'Gerald','Hensley','1987-08-24','M','112','Amanda Corner','Traralgon','VIC','3844','1101','gerald.hensley@student.wattlevalley.edu.au','0431227574'),
  (35,'Jennifer','Ramirez','1987-09-05','F','245','Scott Retreat','Shepparton','VIC','3630','1101','jennifer.ramirez@student.wattlevalley.edu.au','0445351479'),
  (36,'Brent','Pearson','1996-02-10','M','234','Tanya View','Colac','VIC','3250','1101','brent.pearson@student.wattlevalley.edu.au','0424282218'),
  (37,'Sarah','Martin','1994-07-08','F','164','Michelle Brae','Werribee','VIC','3030','1101','sarah.martin@student.wattlevalley.edu.au','0478137358'),
  (38,'Christopher','Smith','1991-10-04','M','96','Mitchell Tollway','Seymour','VIC','3660','1101','christopher.smith@student.wattlevalley.edu.au','0431682744'),
  (39,'Tyler','Cowan','1996-07-20','M','83','Moore Gap','Knox','VIC','3152','1101','tyler.cowan@student.wattlevalley.edu.au','0475579548'),
  (40,'Daniel','Brown','2001-10-08','M','238','Julie Brace','Benalla','VIC','3672','1101','daniel.brown@student.wattlevalley.edu.au','0458718453'),
  (41,'Amber','Woods','2007-02-05','F','15','Brian Quadrangle','Bendigo','VIC','3550','1101','amber.woods@student.wattlevalley.edu.au','0442329237'),
  (42,'Bobby','Lopez','1997-09-09','M','188','Richard Ring','Wodonga','VIC','3689','1101','bobby.lopez@student.wattlevalley.edu.au','0475228535'),
  (43,'David','Wheeler','1998-05-25','M','137','Sandoval Right Of Way','Preston','VIC','3072','1101','david.wheeler@student.wattlevalley.edu.au','0426879290'),
  (44,'Joseph','Donovan','1986-05-11','M','122','Allen Little','Box Hill','VIC','3128','1101','joseph.donovan@student.wattlevalley.edu.au','0483793389'),
  (45,'Carlos','Brewer','1993-09-10','M','136','Albert Row','Geelong','VIC','3220','1101','carlos.brewer@student.wattlevalley.edu.au','0491415657'),
  (46,'Yvette','Ferrell','1982-07-23','F','238','William Concourse','Ballarat','VIC','3350','1101','yvette.ferrell@student.wattlevalley.edu.au','0482383095'),
  (47,'Timothy','Ibarra','2005-12-07','M','80','Mitchell Outlook','Footscray','VIC','3011','1101','timothy.ibarra@student.wattlevalley.edu.au','0463551839'),
  (48,'Sandra','Warner','1998-03-04','F','231','Elizabeth Ride','Horsham','VIC','3400','1101','sandra.warner@student.wattlevalley.edu.au','0479467853'),
  (49,'Elizabeth','Alvarado','2007-08-31','F','64','Joseph Circlet','Benalla','VIC','3672','1101','elizabeth.alvarado@student.wattlevalley.edu.au','0440158366'),
  (50,'Patrick','Moore','1988-08-09','M','6','Jennifer Dip','Sale','VIC','3850','1101','patrick.moore@student.wattlevalley.edu.au','0488961459'),
  (51,'Michael','Farrell','1995-02-03','M','57','Whitehead Boulevard','Frankston','VIC','3199','1101','michael.farrell@student.wattlevalley.edu.au','0410965138'),
  (52,'Brandon','Henderson','1988-06-16','M','162','Matthew Concourse','Footscray','VIC','3011','1101','brandon.henderson@student.wattlevalley.edu.au','0417901903'),
  (53,'Mark','Green','2001-12-06','M','232','Hoffman Circuit','Wodonga','VIC','3689','1101','mark.green@student.wattlevalley.edu.au','0414216175'),
  (54,'Angela','Ware','2006-08-25','F','132','Mary Riviera','Wodonga','VIC','3689','1101','angela.ware@student.wattlevalley.edu.au','0441944441'),
  (55,'Kristen','Jordan','1981-08-25','F','125','Nolan Beach','Box Hill','VIC','3128','1101','kristen.jordan@student.wattlevalley.edu.au','0438754377'),
  (56,'Steven','Clark','1987-09-03','M','240','Michael Ridgeway','Brunswick','VIC','3056','1101','steven.clark@student.wattlevalley.edu.au','0486644106'),
  (57,'Stacey','Russell','1998-06-08','F','201','Sara Esplanade','Bendigo','VIC','3550','1101','stacey.russell@student.wattlevalley.edu.au','0473481353'),
  (58,'Sharon','Cherry','2003-12-12','F','25','Johnson Underpass','Ballarat','VIC','3350','1101','sharon.cherry@student.wattlevalley.edu.au','0423009833'),
  (59,'Tammy','Patton','1992-05-16','F','109','Joseph Top','Mildura','VIC','3500','1101','tammy.patton@student.wattlevalley.edu.au','0465177213'),
  (60,'Ashley','Brennan','2005-05-02','F','187','James Part','Cranbourne','VIC','3977','1101','ashley.brennan@student.wattlevalley.edu.au','0417270733'),
  (61,'Gregory','Hoover','2005-09-14','M','104','Andrew Dale','Wangaratta','VIC','3677','1101','gregory.hoover@student.wattlevalley.edu.au','0455540424'),
  (62,'James','Ramirez','1982-06-13','M','50','Bell Quadrangle','Bendigo','VIC','3550','1101','james.ramirez@student.wattlevalley.edu.au','0435529407'),
  (63,'Jennifer','Zavala','1995-12-26','F','109','Darrell Firetrail','Seymour','VIC','3660','1101','jennifer.zavala@student.wattlevalley.edu.au','0434627347')
;

INSERT INTO public.app_users (id, person_id, username, role) VALUES
  (1,NULL,'sysadmin','Admin'),
  (2,1,'t.trainer1','Trainer'),
  (3,2,'t.trainer2','Trainer'),
  (4,3,'t.trainer3','Trainer'),
  (5,11,'compliance1','Compliance'),
  (6,12,'reception1','Reception')
;

INSERT INTO public.teachers (id, faculty_id, teacher_number, teacher_email, teacher_phone, employment_status, sector, default_max_hours_per_year) VALUES
  (1,1,'T1000','margaret.johnson@staff.wattlevalley.edu.au','0410872248','Full-Time','VET',800.00),
  (2,1,'T1001','michael.mcclain@staff.wattlevalley.edu.au','0455667651','Full-Time','VET',800.00),
  (3,1,'T1002','colleen.wagner@staff.wattlevalley.edu.au','0455176955','Full-Time','VET',800.00),
  (4,1,'T1003','joshua.robinson@staff.wattlevalley.edu.au','0422981052','Part-Time','VET',640.00),
  (5,2,'T1004','melissa.peterson@staff.wattlevalley.edu.au','0491030736','Full-Time','VET',800.00),
  (6,2,'T1005','anne.abbott@staff.wattlevalley.edu.au','0471662963','Full-Time','VET',800.00),
  (7,2,'T1006','calvin.nielsen@staff.wattlevalley.edu.au','0420576383','Part-Time','VET',640.00),
  (8,3,'T1007','stacey.ward@staff.wattlevalley.edu.au','0493016315','Full-Time','VET',800.00),
  (9,3,'T1008','patricia.galloway@staff.wattlevalley.edu.au','0419335534','Full-Time','VET',800.00),
  (10,3,'T1009','mark.diaz@staff.wattlevalley.edu.au','0448840994','Full-Time','VET',800.00)
;

INSERT INTO public.staff (id, faculty_id, staff_number, staff_email, staff_phone) VALUES
  (11,1,'S2000','timothy.wong@staff.wattlevalley.edu.au','0423556182'),
  (12,1,'S2001','carla.gray@staff.wattlevalley.edu.au','0495320121'),
  (13,1,'S2002','patty.perez@staff.wattlevalley.edu.au','0457683626')
;

INSERT INTO public.students (id, student_number, student_email, usi, indigenous_status_id, highest_school_level_id, year_highest_school_completed, secondary_school_id, disability_flag, prior_educational_achievement_flag, at_school_flag) VALUES
  (14,'S10000','daniel.hahn@student.wattlevalley.edu.au','GVK3ZUZXV7','9','11',2017,1,'N','N','N'),
  (15,'S10001','james.rocha@student.wattlevalley.edu.au','W72EXTBQRT','9','10',NULL,NULL,'N','N','N'),
  (16,'S10002','justin.baker@student.wattlevalley.edu.au','YLKR3LJV7Y','9','11',2012,2,'N','N','N'),
  (17,'S10003','katrina.davis@student.wattlevalley.edu.au','P95W9MMFLJ','2','10',NULL,1,'N','N','N'),
  (18,'S10004','ricky.henderson@student.wattlevalley.edu.au','9EPBCS4GZZ','9','10',NULL,3,'N','N','N'),
  (19,'S10005','joseph.maddox@student.wattlevalley.edu.au','XWWD7UQMZN','9','10',NULL,2,'N','N','N'),
  (20,'S10006','melanie.herrera@student.wattlevalley.edu.au','5WAWR6B8CP','1','12',2014,NULL,'N','N','N'),
  (21,'S10007','brooke.smith@student.wattlevalley.edu.au','4FA2SNARKF','9','12',2017,1,'N','N','N'),
  (22,'S10008','cassandra.gaines@student.wattlevalley.edu.au','Q63DKF3DXZ','9','10',NULL,NULL,'N','N','N'),
  (23,'S10009','lisa.hernandez@student.wattlevalley.edu.au','DKVZRX97T7','9','11',2013,1,'N','N','N'),
  (24,'S10010','alec.hickman@student.wattlevalley.edu.au','CXTVTAT5VV','9','10',NULL,NULL,'N','N','N'),
  (25,'S10011','sherry.arroyo@student.wattlevalley.edu.au','9PEA4SDJPU','9','11',2015,2,'N','N','N'),
  (26,'S10012','kim.martinez@student.wattlevalley.edu.au','7YA5FRCMJE','9','10',NULL,3,'N','N','N'),
  (27,'S10013','jenny.lewis@student.wattlevalley.edu.au','2XKRRPD4PC','9','11',2010,NULL,'N','N','N'),
  (28,'S10014','zachary.santos@student.wattlevalley.edu.au','BBFEB6FYPW','9','10',NULL,NULL,'N','N','N'),
  (29,'S10015','amy.smith@student.wattlevalley.edu.au','B8TMCGPJTY','9','11',2016,1,'N','N','N'),
  (30,'S10016','lynn.perez@student.wattlevalley.edu.au','CUSP9829HV','9','12',2011,5,'N','N','N'),
  (31,'S10017','diana.washington@student.wattlevalley.edu.au','H9N2SS5F7Y','9','11',2020,4,'N','N','N'),
  (32,'S10018','robert.lee@student.wattlevalley.edu.au','GTPZMYWMRJ','9','10',NULL,1,'N','N','N'),
  (33,'S10019','julie.daniel@student.wattlevalley.edu.au','RHA9NSJNA4','9','12',2017,NULL,'N','N','N'),
  (34,'S10020','gerald.hensley@student.wattlevalley.edu.au','46E68FCG3U','9','11',2015,5,'N','N','N'),
  (35,'S10021','jennifer.ramirez@student.wattlevalley.edu.au','E2DSVYFRKM','9','12',2021,5,'N','N','N'),
  (36,'S10022','brent.pearson@student.wattlevalley.edu.au','2CPE7G6M2E','9','10',NULL,4,'N','N','N'),
  (37,'S10023','sarah.martin@student.wattlevalley.edu.au','6G3E8CSESU','9','10',NULL,4,'N','N','N'),
  (38,'S10024','christopher.smith@student.wattlevalley.edu.au','3Y94Y329UM','9','10',NULL,5,'N','N','N'),
  (39,'S10025','tyler.cowan@student.wattlevalley.edu.au','GADMYQS7BL','2','11',2020,2,'N','N','N'),
  (40,'S10026','daniel.brown@student.wattlevalley.edu.au','EY8LU9QBPT','9','12',2020,NULL,'N','N','N'),
  (41,'S10027','amber.woods@student.wattlevalley.edu.au','FDJCVU5YNU','9','12',2022,5,'N','N','N'),
  (42,'S10028','bobby.lopez@student.wattlevalley.edu.au','YATKHFRAVU','9','11',2012,NULL,'N','N','N'),
  (43,'S10029','david.wheeler@student.wattlevalley.edu.au','LPCHCHDAAM','1','11',2013,NULL,'N','N','N'),
  (44,'S10030','joseph.donovan@student.wattlevalley.edu.au','4RHSQNHT49','9','12',2010,2,'N','N','N'),
  (45,'S10031','carlos.brewer@student.wattlevalley.edu.au','KDZKDGB9RC','9','11',2020,4,'N','N','N'),
  (46,'S10032','yvette.ferrell@student.wattlevalley.edu.au','ALSMZUBDBQ','9','12',2012,4,'N','N','N'),
  (47,'S10033','timothy.ibarra@student.wattlevalley.edu.au','KQ6VHVLHG7','9','10',NULL,NULL,'N','N','N'),
  (48,'S10034','sandra.warner@student.wattlevalley.edu.au','E4N36LBZ5S','9','11',2011,NULL,'N','N','N'),
  (49,'S10035','elizabeth.alvarado@student.wattlevalley.edu.au','EXBLFL3Y5S','9','12',2013,NULL,'N','N','N'),
  (50,'S10036','patrick.moore@student.wattlevalley.edu.au','742GMB9QQG','9','11',2020,2,'N','N','N'),
  (51,'S10037','michael.farrell@student.wattlevalley.edu.au','LT8596A63T','9','11',2022,NULL,'N','N','N'),
  (52,'S10038','brandon.henderson@student.wattlevalley.edu.au','QQYJH43FCA','9','12',2014,4,'N','N','N'),
  (53,'S10039','mark.green@student.wattlevalley.edu.au','L2SULS7JGA','4','12',2023,NULL,'N','N','N'),
  (54,'S10040','angela.ware@student.wattlevalley.edu.au','ZHFC57FHPE','9','11',2020,NULL,'N','N','N'),
  (55,'S10041','kristen.jordan@student.wattlevalley.edu.au','A5SVU2VG3J','9','10',NULL,3,'N','N','N'),
  (56,'S10042','steven.clark@student.wattlevalley.edu.au','8KXGQ5ZM97','9','11',2020,1,'N','N','N'),
  (57,'S10043','stacey.russell@student.wattlevalley.edu.au','G5UHQJAUZ9','9','12',2016,1,'N','N','N'),
  (58,'S10044','sharon.cherry@student.wattlevalley.edu.au','JWVATFXJUB','9','11',2013,NULL,'N','N','N'),
  (59,'S10045','tammy.patton@student.wattlevalley.edu.au','H6KDKKGC8Q','9','12',2019,NULL,'N','N','N'),
  (60,'S10046','ashley.brennan@student.wattlevalley.edu.au','FCHXEZTN6Y','9','10',NULL,NULL,'N','N','N'),
  (61,'S10047','gregory.hoover@student.wattlevalley.edu.au','VGJGRFN6HZ','9','12',2015,NULL,'N','N','N'),
  (62,'S10048','james.ramirez@student.wattlevalley.edu.au','VVECQSV34N','2','12',2016,3,'N','N','N'),
  (63,'S10049','jennifer.zavala@student.wattlevalley.edu.au','F5NVGQW3TB','9','10',NULL,NULL,'N','N','N')
;

INSERT INTO public.student_guardians (id, student_id, first_name, family_name, relationship, is_primary, phone_mobile, email) VALUES
  (1,14,'Gregory','Hahn','Parent',TRUE,'0429538047',NULL),
  (2,15,'Sydney','Rocha','Parent',TRUE,'0442775624',NULL),
  (3,16,'Joseph','Baker','Parent',TRUE,'0481291936',NULL),
  (4,17,'Daniel','Davis','Parent',TRUE,'0465304649',NULL),
  (5,18,'Ryan','Henderson','Parent',TRUE,'0485957578',NULL),
  (6,19,'Jessica','Maddox','Parent',TRUE,'0434166826',NULL),
  (7,20,'Lee','Herrera','Parent',TRUE,'0432814819',NULL),
  (8,21,'Catherine','Smith','Parent',TRUE,'0433497411',NULL),
  (9,22,'William','Gaines','Parent',TRUE,'0420598952',NULL),
  (10,23,'Paul','Hernandez','Parent',TRUE,'0491804602',NULL),
  (11,24,'Barbara','Hickman','Parent',TRUE,'0461344226',NULL),
  (12,25,'Jonathan','Arroyo','Parent',TRUE,'0493176117',NULL),
  (13,26,'Jeanne','Martinez','Parent',TRUE,'0442323627',NULL),
  (14,27,'Aaron','Lewis','Parent',TRUE,'0476795767',NULL),
  (15,28,'Sara','Santos','Parent',TRUE,'0488270025',NULL)
;

INSERT INTO public.classes (id, class_code, academic_period_id, delivery_location_id, enrolment_cap) VALUES
  (1,'BSB50120-SEM1-2025',1,1,25),
  (2,'CHC43015-SEM1-2025',1,1,20),
  (3,'BSB40120-SEM2-2025',2,1,25),
  (4,'CHC52021-SEM2-2025',2,2,20),
  (5,'MEM30319-SEM1-2026',3,2,16),
  (6,'ICT50220-SEM1-2026',3,1,22),
  (7,'BSB30120-SEM2-2026',4,1,25),
  (8,'CHC33015-SEM2-2026',4,2,20)
;

INSERT INTO public.class_subjects (class_id, subject_id, subject_label) VALUES
  (1,1,'Manage business resources'),
  (1,2,'Manage business operational plans'),
  (1,3,'Develop critical thinking in others'),
  (2,9,'Support independence and wellbeing'),
  (2,10,'Recognise healthy body systems'),
  (2,11,'Support community participation and inclusion'),
  (3,2,'Manage business operational plans'),
  (3,3,'Develop critical thinking in others'),
  (3,6,'Apply communication strategies in the workplace'),
  (4,9,'Support independence and wellbeing'),
  (4,10,'Recognise healthy body systems'),
  (4,12,'Communicate and work in health or community servic'),
  (5,17,'Use hand tools'),
  (5,18,'Use power tools and hand-held operations'),
  (5,19,'Perform engineering measurements'),
  (6,22,'Match ICT needs with the strategic direction of th'),
  (6,23,'Develop, implement and evaluate an incident respon'),
  (6,24,'Manage projects'),
  (7,6,'Apply communication strategies in the workplace'),
  (7,7,'Report on financial activity'),
  (7,8,'Work effectively in business environments'),
  (8,9,'Support independence and wellbeing'),
  (8,12,'Communicate and work in health or community servic'),
  (8,14,'Follow safe work practices for direct client care')
;

INSERT INTO public.class_slots (id, class_id, academic_period_id, room_id, teacher_id, day_of_week, start_time, end_time) VALUES
  (1,1,1,1,1,1,'09:00:00','12:00:00'),
  (2,2,1,2,2,2,'09:00:00','12:00:00'),
  (3,3,2,3,3,1,'09:00:00','12:00:00'),
  (4,4,2,4,4,2,'09:00:00','12:00:00'),
  (5,5,3,5,5,1,'09:00:00','12:00:00'),
  (6,6,3,6,6,2,'09:00:00','12:00:00'),
  (7,7,4,7,7,1,'09:00:00','12:00:00'),
  (8,8,4,8,8,2,'09:00:00','12:00:00')
;

INSERT INTO public.class_sessions (id, class_id, session_date, start_time, end_time, room_id, session_type, cancelled) VALUES
  (1,1,'2025-02-03','09:00:00','12:00:00',1,'Scheduled',FALSE),
  (2,1,'2025-02-10','09:00:00','12:00:00',1,'Scheduled',FALSE),
  (3,1,'2025-02-17','09:00:00','12:00:00',1,'Scheduled',FALSE),
  (4,1,'2025-02-24','09:00:00','12:00:00',1,'Scheduled',FALSE),
  (5,1,'2025-03-03','09:00:00','12:00:00',1,'Scheduled',TRUE),
  (6,1,'2025-03-10','09:00:00','12:00:00',1,'Scheduled',FALSE),
  (7,1,'2025-03-17','09:00:00','12:00:00',1,'Scheduled',FALSE),
  (8,1,'2025-03-24','09:00:00','12:00:00',1,'Scheduled',FALSE),
  (9,1,'2025-03-31','09:00:00','12:00:00',1,'Scheduled',FALSE),
  (10,1,'2025-04-07','09:00:00','12:00:00',1,'Scheduled',FALSE),
  (11,2,'2025-02-04','09:00:00','12:00:00',2,'Scheduled',FALSE),
  (12,2,'2025-02-11','09:00:00','12:00:00',2,'Scheduled',FALSE),
  (13,2,'2025-02-18','09:00:00','12:00:00',2,'Scheduled',FALSE),
  (14,2,'2025-02-25','09:00:00','12:00:00',2,'Scheduled',FALSE),
  (15,2,'2025-03-04','09:00:00','12:00:00',2,'Scheduled',FALSE),
  (16,2,'2025-03-11','09:00:00','12:00:00',2,'Scheduled',FALSE),
  (17,2,'2025-03-18','09:00:00','12:00:00',2,'Scheduled',FALSE),
  (18,2,'2025-03-25','09:00:00','12:00:00',2,'Scheduled',FALSE),
  (19,2,'2025-04-01','09:00:00','12:00:00',2,'Scheduled',FALSE),
  (20,2,'2025-04-08','09:00:00','12:00:00',2,'Scheduled',FALSE),
  (21,3,'2025-07-14','09:00:00','12:00:00',3,'Scheduled',FALSE),
  (22,3,'2025-07-21','09:00:00','12:00:00',3,'Scheduled',FALSE),
  (23,3,'2025-07-28','09:00:00','12:00:00',3,'Scheduled',FALSE),
  (24,3,'2025-08-04','09:00:00','12:00:00',3,'Scheduled',FALSE),
  (25,3,'2025-08-11','09:00:00','12:00:00',3,'Scheduled',FALSE),
  (26,3,'2025-08-18','09:00:00','12:00:00',3,'Scheduled',FALSE),
  (27,3,'2025-08-25','09:00:00','12:00:00',3,'Scheduled',FALSE),
  (28,3,'2025-09-01','09:00:00','12:00:00',3,'Scheduled',FALSE),
  (29,3,'2025-09-08','09:00:00','12:00:00',3,'Scheduled',FALSE),
  (30,3,'2025-09-15','09:00:00','12:00:00',3,'Scheduled',FALSE),
  (31,4,'2025-07-15','09:00:00','12:00:00',4,'Scheduled',TRUE),
  (32,4,'2025-07-22','09:00:00','12:00:00',4,'Scheduled',FALSE),
  (33,4,'2025-07-29','09:00:00','12:00:00',4,'Scheduled',FALSE),
  (34,4,'2025-08-05','09:00:00','12:00:00',4,'Scheduled',FALSE),
  (35,4,'2025-08-12','09:00:00','12:00:00',4,'Scheduled',FALSE),
  (36,4,'2025-08-19','09:00:00','12:00:00',4,'Scheduled',FALSE),
  (37,4,'2025-08-26','09:00:00','12:00:00',4,'Scheduled',FALSE),
  (38,4,'2025-09-02','09:00:00','12:00:00',4,'Scheduled',FALSE),
  (39,4,'2025-09-09','09:00:00','12:00:00',4,'Scheduled',FALSE),
  (40,4,'2025-09-16','09:00:00','12:00:00',4,'Scheduled',FALSE),
  (41,5,'2026-02-02','09:00:00','12:00:00',5,'Scheduled',FALSE),
  (42,5,'2026-02-09','09:00:00','12:00:00',5,'Scheduled',FALSE),
  (43,5,'2026-02-16','09:00:00','12:00:00',5,'Scheduled',FALSE),
  (44,5,'2026-02-23','09:00:00','12:00:00',5,'Scheduled',FALSE),
  (45,5,'2026-03-02','09:00:00','12:00:00',5,'Scheduled',FALSE),
  (46,5,'2026-03-09','09:00:00','12:00:00',5,'Scheduled',FALSE),
  (47,5,'2026-03-16','09:00:00','12:00:00',5,'Scheduled',FALSE),
  (48,5,'2026-03-23','09:00:00','12:00:00',5,'Scheduled',FALSE),
  (49,5,'2026-03-30','09:00:00','12:00:00',5,'Scheduled',FALSE),
  (50,5,'2026-04-06','09:00:00','12:00:00',5,'Scheduled',FALSE),
  (51,6,'2026-02-03','09:00:00','12:00:00',6,'Scheduled',FALSE),
  (52,6,'2026-02-10','09:00:00','12:00:00',6,'Scheduled',FALSE),
  (53,6,'2026-02-17','09:00:00','12:00:00',6,'Scheduled',FALSE),
  (54,6,'2026-02-24','09:00:00','12:00:00',6,'Scheduled',FALSE),
  (55,6,'2026-03-03','09:00:00','12:00:00',6,'Scheduled',FALSE),
  (56,6,'2026-03-10','09:00:00','12:00:00',6,'Scheduled',FALSE),
  (57,6,'2026-03-17','09:00:00','12:00:00',6,'Scheduled',FALSE),
  (58,6,'2026-03-24','09:00:00','12:00:00',6,'Scheduled',FALSE),
  (59,6,'2026-03-31','09:00:00','12:00:00',6,'Scheduled',FALSE),
  (60,6,'2026-04-07','09:00:00','12:00:00',6,'Scheduled',FALSE),
  (61,7,'2026-07-13','09:00:00','12:00:00',7,'Scheduled',FALSE),
  (62,7,'2026-07-20','09:00:00','12:00:00',7,'Scheduled',FALSE),
  (63,7,'2026-07-27','09:00:00','12:00:00',7,'Scheduled',FALSE),
  (64,7,'2026-08-03','09:00:00','12:00:00',7,'Scheduled',FALSE),
  (65,7,'2026-08-10','09:00:00','12:00:00',7,'Scheduled',FALSE),
  (66,7,'2026-08-17','09:00:00','12:00:00',7,'Scheduled',FALSE),
  (67,7,'2026-08-24','09:00:00','12:00:00',7,'Scheduled',FALSE),
  (68,7,'2026-08-31','09:00:00','12:00:00',7,'Scheduled',FALSE),
  (69,7,'2026-09-07','09:00:00','12:00:00',7,'Scheduled',FALSE),
  (70,7,'2026-09-14','09:00:00','12:00:00',7,'Scheduled',FALSE),
  (71,8,'2026-07-14','09:00:00','12:00:00',8,'Scheduled',FALSE),
  (72,8,'2026-07-21','09:00:00','12:00:00',8,'Scheduled',FALSE),
  (73,8,'2026-07-28','09:00:00','12:00:00',8,'Scheduled',FALSE),
  (74,8,'2026-08-04','09:00:00','12:00:00',8,'Scheduled',FALSE),
  (75,8,'2026-08-11','09:00:00','12:00:00',8,'Scheduled',FALSE),
  (76,8,'2026-08-18','09:00:00','12:00:00',8,'Scheduled',FALSE),
  (77,8,'2026-08-25','09:00:00','12:00:00',8,'Scheduled',FALSE),
  (78,8,'2026-09-01','09:00:00','12:00:00',8,'Scheduled',FALSE),
  (79,8,'2026-09-08','09:00:00','12:00:00',8,'Scheduled',TRUE),
  (80,8,'2026-09-15','09:00:00','12:00:00',8,'Scheduled',FALSE)
;

INSERT INTO public.session_teachers (session_id, teacher_id, role) VALUES
  (1,1,'Lead'),
  (2,1,'Lead'),
  (3,1,'Lead'),
  (4,1,'Lead'),
  (5,1,'Lead'),
  (6,1,'Lead'),
  (7,1,'Lead'),
  (8,1,'Lead'),
  (9,1,'Lead'),
  (10,1,'Lead'),
  (11,2,'Lead'),
  (12,2,'Lead'),
  (13,2,'Lead'),
  (14,2,'Lead'),
  (15,2,'Lead'),
  (16,2,'Lead'),
  (17,2,'Lead'),
  (18,2,'Lead'),
  (19,2,'Lead'),
  (20,2,'Lead'),
  (21,3,'Lead'),
  (22,3,'Lead'),
  (23,3,'Lead'),
  (24,3,'Lead'),
  (25,3,'Lead'),
  (26,3,'Lead'),
  (27,3,'Lead'),
  (28,3,'Lead'),
  (29,3,'Lead'),
  (30,3,'Lead'),
  (31,4,'Lead'),
  (32,4,'Lead'),
  (33,4,'Lead'),
  (34,4,'Lead'),
  (35,4,'Lead'),
  (36,4,'Lead'),
  (37,4,'Lead'),
  (38,4,'Lead'),
  (39,4,'Lead'),
  (40,4,'Lead'),
  (41,5,'Lead'),
  (42,5,'Lead'),
  (43,5,'Lead'),
  (44,5,'Lead'),
  (45,5,'Lead'),
  (46,5,'Lead'),
  (47,5,'Lead'),
  (48,5,'Lead'),
  (49,5,'Lead'),
  (50,5,'Lead'),
  (51,6,'Lead'),
  (52,6,'Lead'),
  (53,6,'Lead'),
  (54,6,'Lead'),
  (55,6,'Lead'),
  (56,6,'Lead'),
  (57,6,'Lead'),
  (58,6,'Lead'),
  (59,6,'Lead'),
  (60,6,'Lead'),
  (61,7,'Lead'),
  (62,7,'Lead'),
  (63,7,'Lead'),
  (64,7,'Lead'),
  (65,7,'Lead'),
  (66,7,'Lead'),
  (67,7,'Lead'),
  (68,7,'Lead'),
  (69,7,'Lead'),
  (70,7,'Lead'),
  (71,8,'Lead'),
  (72,8,'Lead'),
  (73,8,'Lead'),
  (74,8,'Lead'),
  (75,8,'Lead'),
  (76,8,'Lead'),
  (77,8,'Lead'),
  (78,8,'Lead'),
  (79,8,'Lead'),
  (80,8,'Lead')
;

INSERT INTO public.teacher_yearly_balances (id, teacher_id, calendar_year, booked_hours, allocated_max_hours) VALUES
  (1,1,2025,27.00,800.00),
  (2,1,2026,0.00,800.00),
  (3,2,2025,30.00,800.00),
  (4,2,2026,0.00,800.00),
  (5,3,2025,30.00,800.00),
  (6,3,2026,0.00,800.00),
  (7,4,2025,27.00,640.00),
  (8,4,2026,0.00,640.00),
  (9,5,2025,0.00,800.00),
  (10,5,2026,30.00,800.00),
  (11,6,2025,0.00,800.00),
  (12,6,2026,30.00,800.00),
  (13,7,2025,0.00,640.00),
  (14,7,2026,30.00,640.00),
  (15,8,2025,0.00,800.00),
  (16,8,2026,27.00,800.00),
  (17,9,2025,0.00,800.00),
  (18,9,2026,0.00,800.00),
  (19,10,2025,0.00,800.00),
  (20,10,2026,0.00,800.00)
;

INSERT INTO public.student_course_enrollments (id, student_id, program_id, enrollment_status, commencement_date, commencing_program_id, funding_state_code) VALUES
  (1,14,1,'Active','2025-02-03','4','VIC'),
  (2,15,5,'Active','2025-02-03','4','VIC'),
  (3,16,2,'Active','2025-07-14','4','VIC'),
  (4,17,4,'Active','2025-07-14','4','VIC'),
  (5,18,7,'Active','2026-02-02','4','VIC'),
  (6,19,8,'Active','2026-02-02','4','VIC'),
  (7,20,3,'Active','2026-07-13','4','VIC'),
  (8,21,6,'Active','2026-07-13','4','VIC'),
  (9,22,1,'Active','2025-02-03','4','VIC'),
  (10,23,5,'Active','2025-02-03','4','VIC'),
  (11,24,2,'Active','2025-07-14','4','VIC'),
  (12,25,4,'Active','2025-07-14','4','VIC'),
  (13,26,7,'Active','2026-02-02','4','VIC'),
  (14,27,8,'Active','2026-02-02','4','VIC'),
  (15,28,3,'Active','2026-07-13','4','VIC'),
  (16,29,6,'Active','2026-07-13','4','VIC'),
  (17,30,1,'Active','2025-02-03','4','VIC'),
  (18,31,5,'Active','2025-02-03','4','VIC'),
  (19,32,2,'Active','2025-07-14','4','VIC'),
  (20,33,4,'Active','2025-07-14','4','VIC'),
  (21,34,7,'Active','2026-02-02','4','VIC'),
  (22,35,8,'Active','2026-02-02','4','VIC'),
  (23,36,3,'Active','2026-07-13','4','VIC'),
  (24,37,6,'Active','2026-07-13','4','VIC'),
  (25,38,1,'Active','2025-02-03','4','VIC'),
  (26,39,5,'Active','2025-02-03','4','VIC'),
  (27,40,2,'Active','2025-07-14','4','VIC'),
  (28,41,4,'Active','2025-07-14','4','VIC'),
  (29,42,7,'Active','2026-02-02','4','VIC'),
  (30,43,8,'Active','2026-02-02','4','VIC'),
  (31,44,3,'Active','2026-07-13','4','VIC'),
  (32,45,6,'Active','2026-07-13','4','VIC'),
  (33,46,1,'Active','2025-02-03','4','VIC'),
  (34,47,5,'Active','2025-02-03','4','VIC'),
  (35,48,2,'Active','2025-07-14','4','VIC'),
  (36,49,4,'Active','2025-07-14','4','VIC'),
  (37,50,7,'Active','2026-02-02','4','VIC'),
  (38,51,8,'Active','2026-02-02','4','VIC'),
  (39,52,3,'Active','2026-07-13','4','VIC'),
  (40,53,6,'Active','2026-07-13','4','VIC'),
  (41,54,1,'Active','2025-02-03','4','VIC'),
  (42,55,5,'Active','2025-02-03','4','VIC'),
  (43,56,2,'Active','2025-07-14','4','VIC'),
  (44,57,4,'Active','2025-07-14','4','VIC'),
  (45,58,7,'Active','2026-02-02','4','VIC'),
  (46,59,8,'Active','2026-02-02','4','VIC'),
  (47,60,3,'Active','2026-07-13','4','VIC'),
  (48,61,6,'Active','2026-07-13','4','VIC'),
  (49,62,1,'Active','2025-02-03','4','VIC'),
  (50,63,5,'Active','2025-02-03','4','VIC')
;

INSERT INTO public.client_subject_enrolments (id, student_id, student_course_enrollment_id, subject_id, delivery_location_id, activity_start_date, activity_end_date, scheduled_hours, funding_source_national, outcome_id_national) VALUES
  (1,14,1,1,1,'2025-02-03','2025-06-27',60,'11','70'),
  (2,14,1,2,1,'2025-02-03','2025-06-27',60,'11','70'),
  (3,15,2,9,1,'2025-02-03','2025-06-27',60,'11','70'),
  (4,15,2,10,1,'2025-02-03','2025-06-27',60,'11','70'),
  (5,16,3,2,1,'2025-07-14','2025-11-28',60,'11','70'),
  (6,16,3,3,1,'2025-07-14','2025-11-28',60,'11','70'),
  (7,17,4,9,2,'2025-07-14','2025-11-28',60,'11','70'),
  (8,17,4,10,2,'2025-07-14','2025-11-28',60,'11','70'),
  (9,18,5,17,2,'2026-02-02','2026-06-26',40,'11','70'),
  (10,18,5,18,2,'2026-02-02','2026-06-26',40,'11','70'),
  (11,19,6,22,1,'2026-02-02','2026-06-26',60,'11','70'),
  (12,19,6,23,1,'2026-02-02','2026-06-26',60,'11','70'),
  (13,20,7,6,1,'2026-07-13','2026-11-27',60,'11','70'),
  (14,20,7,7,1,'2026-07-13','2026-11-27',60,'11','70'),
  (15,21,8,9,2,'2026-07-13','2026-11-27',60,'11','70'),
  (16,21,8,12,2,'2026-07-13','2026-11-27',80,'11','70'),
  (17,22,9,1,1,'2025-02-03','2025-06-27',60,'11','70'),
  (18,22,9,2,1,'2025-02-03','2025-06-27',60,'11','70'),
  (19,23,10,9,1,'2025-02-03','2025-06-27',60,'11','70'),
  (20,23,10,10,1,'2025-02-03','2025-06-27',60,'11','70'),
  (21,24,11,2,1,'2025-07-14','2025-11-28',60,'11','70'),
  (22,24,11,3,1,'2025-07-14','2025-11-28',60,'11','70'),
  (23,25,12,9,2,'2025-07-14','2025-11-28',60,'11','70'),
  (24,25,12,10,2,'2025-07-14','2025-11-28',60,'11','70'),
  (25,26,13,17,2,'2026-02-02','2026-06-26',40,'11','70'),
  (26,26,13,18,2,'2026-02-02','2026-06-26',40,'11','70'),
  (27,27,14,22,1,'2026-02-02','2026-06-26',60,'11','70'),
  (28,27,14,23,1,'2026-02-02','2026-06-26',60,'11','70'),
  (29,28,15,6,1,'2026-07-13','2026-11-27',60,'11','70'),
  (30,28,15,7,1,'2026-07-13','2026-11-27',60,'11','70'),
  (31,29,16,9,2,'2026-07-13','2026-11-27',60,'11','70'),
  (32,29,16,12,2,'2026-07-13','2026-11-27',80,'11','70'),
  (33,30,17,1,1,'2025-02-03','2025-06-27',60,'11','70'),
  (34,30,17,2,1,'2025-02-03','2025-06-27',60,'11','70'),
  (35,31,18,9,1,'2025-02-03','2025-06-27',60,'11','70'),
  (36,31,18,10,1,'2025-02-03','2025-06-27',60,'11','70'),
  (37,32,19,2,1,'2025-07-14','2025-11-28',60,'11','70'),
  (38,32,19,3,1,'2025-07-14','2025-11-28',60,'11','70'),
  (39,33,20,9,2,'2025-07-14','2025-11-28',60,'11','70'),
  (40,33,20,10,2,'2025-07-14','2025-11-28',60,'11','70'),
  (41,34,21,17,2,'2026-02-02','2026-06-26',40,'11','70'),
  (42,34,21,18,2,'2026-02-02','2026-06-26',40,'11','70'),
  (43,35,22,22,1,'2026-02-02','2026-06-26',60,'11','70'),
  (44,35,22,23,1,'2026-02-02','2026-06-26',60,'11','70'),
  (45,36,23,6,1,'2026-07-13','2026-11-27',60,'11','70'),
  (46,36,23,7,1,'2026-07-13','2026-11-27',60,'11','70'),
  (47,37,24,9,2,'2026-07-13','2026-11-27',60,'11','70'),
  (48,37,24,12,2,'2026-07-13','2026-11-27',80,'11','70'),
  (49,38,25,1,1,'2025-02-03','2025-06-27',60,'11','70'),
  (50,38,25,2,1,'2025-02-03','2025-06-27',60,'11','70'),
  (51,39,26,9,1,'2025-02-03','2025-06-27',60,'11','70'),
  (52,39,26,10,1,'2025-02-03','2025-06-27',60,'11','70'),
  (53,40,27,2,1,'2025-07-14','2025-11-28',60,'11','70'),
  (54,40,27,3,1,'2025-07-14','2025-11-28',60,'11','70'),
  (55,41,28,9,2,'2025-07-14','2025-11-28',60,'11','70'),
  (56,41,28,10,2,'2025-07-14','2025-11-28',60,'11','70'),
  (57,42,29,17,2,'2026-02-02','2026-06-26',40,'11','70'),
  (58,42,29,18,2,'2026-02-02','2026-06-26',40,'11','70'),
  (59,43,30,22,1,'2026-02-02','2026-06-26',60,'11','70'),
  (60,43,30,23,1,'2026-02-02','2026-06-26',60,'11','70'),
  (61,44,31,6,1,'2026-07-13','2026-11-27',60,'11','70'),
  (62,44,31,7,1,'2026-07-13','2026-11-27',60,'11','70'),
  (63,45,32,9,2,'2026-07-13','2026-11-27',60,'11','70'),
  (64,45,32,12,2,'2026-07-13','2026-11-27',80,'11','70'),
  (65,46,33,1,1,'2025-02-03','2025-06-27',60,'11','70'),
  (66,46,33,2,1,'2025-02-03','2025-06-27',60,'11','70'),
  (67,47,34,9,1,'2025-02-03','2025-06-27',60,'11','70'),
  (68,47,34,10,1,'2025-02-03','2025-06-27',60,'11','70'),
  (69,48,35,2,1,'2025-07-14','2025-11-28',60,'11','70'),
  (70,48,35,3,1,'2025-07-14','2025-11-28',60,'11','70'),
  (71,49,36,9,2,'2025-07-14','2025-11-28',60,'11','70'),
  (72,49,36,10,2,'2025-07-14','2025-11-28',60,'11','70'),
  (73,50,37,17,2,'2026-02-02','2026-06-26',40,'11','70'),
  (74,50,37,18,2,'2026-02-02','2026-06-26',40,'11','70'),
  (75,51,38,22,1,'2026-02-02','2026-06-26',60,'11','70'),
  (76,51,38,23,1,'2026-02-02','2026-06-26',60,'11','70'),
  (77,52,39,6,1,'2026-07-13','2026-11-27',60,'11','70'),
  (78,52,39,7,1,'2026-07-13','2026-11-27',60,'11','70'),
  (79,53,40,9,2,'2026-07-13','2026-11-27',60,'11','70'),
  (80,53,40,12,2,'2026-07-13','2026-11-27',80,'11','70'),
  (81,54,41,1,1,'2025-02-03','2025-06-27',60,'11','70'),
  (82,54,41,2,1,'2025-02-03','2025-06-27',60,'11','70'),
  (83,55,42,9,1,'2025-02-03','2025-06-27',60,'11','70'),
  (84,55,42,10,1,'2025-02-03','2025-06-27',60,'11','70'),
  (85,56,43,2,1,'2025-07-14','2025-11-28',60,'11','70'),
  (86,56,43,3,1,'2025-07-14','2025-11-28',60,'11','70'),
  (87,57,44,9,2,'2025-07-14','2025-11-28',60,'11','70'),
  (88,57,44,10,2,'2025-07-14','2025-11-28',60,'11','70'),
  (89,58,45,17,2,'2026-02-02','2026-06-26',40,'11','70'),
  (90,58,45,18,2,'2026-02-02','2026-06-26',40,'11','70'),
  (91,59,46,22,1,'2026-02-02','2026-06-26',60,'11','70'),
  (92,59,46,23,1,'2026-02-02','2026-06-26',60,'11','70'),
  (93,60,47,6,1,'2026-07-13','2026-11-27',60,'11','70'),
  (94,60,47,7,1,'2026-07-13','2026-11-27',60,'11','70'),
  (95,61,48,9,2,'2026-07-13','2026-11-27',60,'11','70'),
  (96,61,48,12,2,'2026-07-13','2026-11-27',80,'11','70'),
  (97,62,49,1,1,'2025-02-03','2025-06-27',60,'11','70'),
  (98,62,49,2,1,'2025-02-03','2025-06-27',60,'11','70'),
  (99,63,50,9,1,'2025-02-03','2025-06-27',60,'11','70'),
  (100,63,50,10,1,'2025-02-03','2025-06-27',60,'11','70')
;

INSERT INTO public.class_enrollments (id, class_id, client_subject_enrolment_id) VALUES
  (1,1,1),
  (2,2,3),
  (3,3,5),
  (4,4,7),
  (5,5,9),
  (6,6,11),
  (7,7,13),
  (8,8,15),
  (9,1,17),
  (10,2,19),
  (11,3,21),
  (12,4,23),
  (13,5,25),
  (14,6,27),
  (15,7,29),
  (16,8,31),
  (17,1,33),
  (18,2,35),
  (19,3,37),
  (20,4,39),
  (21,5,41),
  (22,6,43),
  (23,7,45),
  (24,8,47),
  (25,1,49),
  (26,2,51),
  (27,3,53),
  (28,4,55),
  (29,5,57),
  (30,6,59),
  (31,7,61),
  (32,8,63),
  (33,1,65),
  (34,2,67),
  (35,3,69),
  (36,4,71),
  (37,5,73),
  (38,6,75),
  (39,7,77),
  (40,8,79),
  (41,1,81),
  (42,2,83),
  (43,3,85),
  (44,4,87),
  (45,5,89),
  (46,6,91),
  (47,7,93),
  (48,8,95),
  (49,1,97),
  (50,2,99)
;

INSERT INTO public.session_attendance (id, session_id, student_id, status, minutes_attended, notes, recorded_by) VALUES
  (1,1,38,'Online',NULL,NULL,1),
  (2,1,30,'Present',NULL,NULL,1),
  (3,1,54,'Excused',NULL,NULL,1),
  (4,2,30,'Absent-Notified',NULL,NULL,1),
  (5,2,14,'Present',NULL,NULL,1),
  (6,2,22,'Online',NULL,NULL,1),
  (7,3,46,'Present',NULL,NULL,1),
  (8,3,30,'Excused',NULL,NULL,1),
  (9,3,62,'Present',NULL,NULL,1),
  (10,4,54,'Excused',NULL,NULL,1),
  (11,4,38,'Present',NULL,NULL,1),
  (12,4,30,'Present',NULL,NULL,1),
  (13,6,22,'Present',NULL,NULL,1),
  (14,6,14,'Absent-Notified',NULL,NULL,1),
  (15,6,54,'Present',NULL,NULL,1),
  (16,7,14,'Present',NULL,NULL,1),
  (17,7,22,'Present',NULL,NULL,1),
  (18,7,46,'Absent-Notified',NULL,NULL,1),
  (19,8,30,'Present',NULL,NULL,1),
  (20,8,54,'Online',NULL,NULL,1),
  (21,8,46,'Present',NULL,NULL,1),
  (22,9,38,'Absent-Notified',NULL,NULL,1),
  (23,9,54,'Online',NULL,NULL,1),
  (24,9,14,'Present',NULL,NULL,1),
  (25,10,30,'Present',NULL,NULL,1),
  (26,10,14,'Absent-Notified',NULL,NULL,1),
  (27,10,62,'Absent-Notified',NULL,NULL,1),
  (28,11,23,'Excused',NULL,NULL,1),
  (29,11,31,'Present',NULL,NULL,1),
  (30,11,15,'Absent-Notified',NULL,NULL,1),
  (31,12,55,'Present',NULL,NULL,1),
  (32,12,31,'Present',NULL,NULL,1),
  (33,12,15,'Present',NULL,NULL,1),
  (34,13,15,'Excused',NULL,NULL,1),
  (35,13,39,'Present',NULL,NULL,1),
  (36,13,63,'Excused',NULL,NULL,1),
  (37,14,55,'Present',NULL,NULL,1),
  (38,14,47,'Present',NULL,NULL,1),
  (39,14,15,'Present',NULL,NULL,1),
  (40,15,23,'Present',NULL,NULL,1),
  (41,15,47,'Absent-Notified',NULL,NULL,1),
  (42,15,63,'Present',NULL,NULL,1),
  (43,16,47,'Present',NULL,NULL,1),
  (44,16,23,'Present',NULL,NULL,1),
  (45,16,55,'Online',NULL,NULL,1),
  (46,17,15,'Present',NULL,NULL,1),
  (47,17,31,'Absent-Notified',NULL,NULL,1),
  (48,17,23,'Present',NULL,NULL,1),
  (49,18,63,'Excused',NULL,NULL,1),
  (50,18,23,'Present',NULL,NULL,1),
  (51,18,15,'Present',NULL,NULL,1),
  (52,19,15,'Online',NULL,NULL,1),
  (53,19,31,'Present',NULL,NULL,1),
  (54,19,23,'Present',NULL,NULL,1),
  (55,20,23,'Present',NULL,NULL,1),
  (56,20,31,'Present',NULL,NULL,1),
  (57,20,15,'Absent-Notified',NULL,NULL,1),
  (58,21,16,'Absent-Notified',NULL,NULL,1),
  (59,21,56,'Present',NULL,NULL,1),
  (60,21,40,'Absent-Notified',NULL,NULL,1),
  (61,22,48,'Absent-Notified',NULL,NULL,1),
  (62,22,16,'Present',NULL,NULL,1),
  (63,22,40,'Online',NULL,NULL,1),
  (64,23,16,'Absent-Notified',NULL,NULL,1),
  (65,23,48,'Excused',NULL,NULL,1),
  (66,23,32,'Present',NULL,NULL,1),
  (67,24,16,'Present',NULL,NULL,1),
  (68,24,40,'Excused',NULL,NULL,1),
  (69,24,48,'Present',NULL,NULL,1),
  (70,25,40,'Present',NULL,NULL,1),
  (71,25,56,'Present',NULL,NULL,1),
  (72,25,16,'Online',NULL,NULL,1),
  (73,26,24,'Present',NULL,NULL,1),
  (74,26,16,'Online',NULL,NULL,1),
  (75,26,56,'Excused',NULL,NULL,1),
  (76,27,48,'Present',NULL,NULL,1),
  (77,27,56,'Online',NULL,NULL,1),
  (78,27,32,'Absent-Notified',NULL,NULL,1),
  (79,28,32,'Present',NULL,NULL,1),
  (80,28,40,'Present',NULL,NULL,1),
  (81,28,48,'Excused',NULL,NULL,1),
  (82,29,56,'Present',NULL,NULL,1),
  (83,29,48,'Absent-Notified',NULL,NULL,1),
  (84,29,24,'Present',NULL,NULL,1),
  (85,30,40,'Present',NULL,NULL,1),
  (86,30,32,'Present',NULL,NULL,1),
  (87,30,56,'Present',NULL,NULL,1),
  (88,32,33,'Excused',NULL,NULL,1),
  (89,32,41,'Present',NULL,NULL,1),
  (90,32,57,'Present',NULL,NULL,1),
  (91,33,25,'Present',NULL,NULL,1),
  (92,33,41,'Present',NULL,NULL,1),
  (93,33,17,'Present',NULL,NULL,1),
  (94,34,41,'Present',NULL,NULL,1),
  (95,34,17,'Absent-Notified',NULL,NULL,1),
  (96,34,33,'Present',NULL,NULL,1),
  (97,35,49,'Excused',NULL,NULL,1),
  (98,35,57,'Present',NULL,NULL,1),
  (99,35,33,'Present',NULL,NULL,1),
  (100,36,33,'Present',NULL,NULL,1),
  (101,36,41,'Online',NULL,NULL,1),
  (102,36,17,'Present',NULL,NULL,1),
  (103,37,33,'Present',NULL,NULL,1),
  (104,37,17,'Excused',NULL,NULL,1),
  (105,37,25,'Absent-Notified',NULL,NULL,1),
  (106,38,25,'Absent-Notified',NULL,NULL,1),
  (107,38,17,'Present',NULL,NULL,1),
  (108,38,33,'Present',NULL,NULL,1),
  (109,39,33,'Present',NULL,NULL,1),
  (110,39,49,'Absent-Notified',NULL,NULL,1),
  (111,39,25,'Online',NULL,NULL,1),
  (112,40,49,'Online',NULL,NULL,1),
  (113,40,57,'Excused',NULL,NULL,1),
  (114,40,17,'Present',NULL,NULL,1),
  (115,41,18,'Present',NULL,NULL,1),
  (116,41,26,'Present',NULL,NULL,1),
  (117,41,34,'Present',NULL,NULL,1),
  (118,42,18,'Online',NULL,NULL,1),
  (119,42,26,'Excused',NULL,NULL,1),
  (120,42,50,'Present',NULL,NULL,1),
  (121,43,18,'Present',NULL,NULL,1),
  (122,43,26,'Absent-Notified',NULL,NULL,1),
  (123,43,58,'Present',NULL,NULL,1),
  (124,44,42,'Present',NULL,NULL,1),
  (125,44,58,'Present',NULL,NULL,1),
  (126,44,50,'Present',NULL,NULL,1),
  (127,45,34,'Present',NULL,NULL,1),
  (128,45,58,'Present',NULL,NULL,1),
  (129,45,18,'Present',NULL,NULL,1),
  (130,46,50,'Present',NULL,NULL,1),
  (131,46,18,'Absent-Notified',NULL,NULL,1),
  (132,46,58,'Excused',NULL,NULL,1),
  (133,47,42,'Present',NULL,NULL,1),
  (134,47,58,'Present',NULL,NULL,1),
  (135,47,50,'Present',NULL,NULL,1),
  (136,48,50,'Present',NULL,NULL,1),
  (137,48,18,'Present',NULL,NULL,1),
  (138,48,34,'Present',NULL,NULL,1),
  (139,49,58,'Absent-Notified',NULL,NULL,1),
  (140,49,50,'Excused',NULL,NULL,1),
  (141,49,42,'Present',NULL,NULL,1),
  (142,50,18,'Online',NULL,NULL,1),
  (143,50,26,'Present',NULL,NULL,1),
  (144,50,42,'Present',NULL,NULL,1),
  (145,51,27,'Present',NULL,NULL,1),
  (146,51,35,'Present',NULL,NULL,1),
  (147,51,59,'Present',NULL,NULL,1),
  (148,52,35,'Absent-Notified',NULL,NULL,1),
  (149,52,19,'Present',NULL,NULL,1),
  (150,52,51,'Present',NULL,NULL,1),
  (151,53,27,'Absent-Notified',NULL,NULL,1),
  (152,53,43,'Absent-Notified',NULL,NULL,1),
  (153,53,59,'Excused',NULL,NULL,1),
  (154,54,35,'Present',NULL,NULL,1),
  (155,54,19,'Present',NULL,NULL,1),
  (156,54,43,'Present',NULL,NULL,1),
  (157,55,43,'Online',NULL,NULL,1),
  (158,55,19,'Present',NULL,NULL,1),
  (159,55,35,'Online',NULL,NULL,1),
  (160,56,43,'Present',NULL,NULL,1),
  (161,56,59,'Present',NULL,NULL,1),
  (162,56,35,'Present',NULL,NULL,1),
  (163,57,35,'Present',NULL,NULL,1),
  (164,57,27,'Present',NULL,NULL,1),
  (165,57,43,'Present',NULL,NULL,1),
  (166,58,19,'Online',NULL,NULL,1),
  (167,58,27,'Present',NULL,NULL,1),
  (168,58,43,'Absent-Notified',NULL,NULL,1),
  (169,59,19,'Present',NULL,NULL,1),
  (170,59,43,'Present',NULL,NULL,1),
  (171,59,35,'Present',NULL,NULL,1),
  (172,60,27,'Absent-Notified',NULL,NULL,1),
  (173,60,19,'Absent-Notified',NULL,NULL,1),
  (174,60,51,'Present',NULL,NULL,1),
  (175,61,36,'Present',NULL,NULL,1),
  (176,61,60,'Present',NULL,NULL,1),
  (177,61,28,'Present',NULL,NULL,1),
  (178,62,36,'Online',NULL,NULL,1),
  (179,62,28,'Present',NULL,NULL,1),
  (180,62,52,'Excused',NULL,NULL,1),
  (181,63,20,'Absent-Notified',NULL,NULL,1),
  (182,63,28,'Online',NULL,NULL,1),
  (183,63,44,'Online',NULL,NULL,1),
  (184,64,44,'Excused',NULL,NULL,1),
  (185,64,52,'Present',NULL,NULL,1),
  (186,64,36,'Present',NULL,NULL,1),
  (187,65,44,'Absent-Notified',NULL,NULL,1),
  (188,65,20,'Excused',NULL,NULL,1),
  (189,65,60,'Present',NULL,NULL,1),
  (190,66,36,'Present',NULL,NULL,1),
  (191,66,52,'Absent-Notified',NULL,NULL,1),
  (192,66,20,'Present',NULL,NULL,1),
  (193,67,36,'Present',NULL,NULL,1),
  (194,67,44,'Present',NULL,NULL,1),
  (195,67,52,'Present',NULL,NULL,1),
  (196,68,36,'Online',NULL,NULL,1),
  (197,68,20,'Online',NULL,NULL,1),
  (198,68,52,'Absent-Notified',NULL,NULL,1),
  (199,69,44,'Absent-Notified',NULL,NULL,1),
  (200,69,60,'Online',NULL,NULL,1),
  (201,69,20,'Excused',NULL,NULL,1),
  (202,70,28,'Absent-Notified',NULL,NULL,1),
  (203,70,36,'Present',NULL,NULL,1),
  (204,70,44,'Present',NULL,NULL,1),
  (205,71,45,'Present',NULL,NULL,1),
  (206,71,21,'Absent-Notified',NULL,NULL,1),
  (207,71,37,'Excused',NULL,NULL,1),
  (208,72,29,'Absent-Notified',NULL,NULL,1),
  (209,72,21,'Absent-Notified',NULL,NULL,1),
  (210,72,61,'Absent-Notified',NULL,NULL,1),
  (211,73,53,'Present',NULL,NULL,1),
  (212,73,61,'Present',NULL,NULL,1),
  (213,73,29,'Present',NULL,NULL,1),
  (214,74,45,'Excused',NULL,NULL,1),
  (215,74,61,'Online',NULL,NULL,1),
  (216,74,37,'Present',NULL,NULL,1),
  (217,75,61,'Present',NULL,NULL,1),
  (218,75,37,'Present',NULL,NULL,1),
  (219,75,21,'Absent-Notified',NULL,NULL,1),
  (220,76,61,'Present',NULL,NULL,1),
  (221,76,45,'Excused',NULL,NULL,1),
  (222,76,37,'Online',NULL,NULL,1),
  (223,77,29,'Online',NULL,NULL,1),
  (224,77,37,'Excused',NULL,NULL,1),
  (225,77,21,'Present',NULL,NULL,1),
  (226,78,37,'Present',NULL,NULL,1),
  (227,78,61,'Online',NULL,NULL,1),
  (228,78,45,'Present',NULL,NULL,1),
  (229,80,37,'Excused',NULL,NULL,1),
  (230,80,53,'Present',NULL,NULL,1),
  (231,80,45,'Present',NULL,NULL,1)
;

INSERT INTO public.workplans (id, teacher_id, calendar_year, version, status, time_fraction, capps_ratio, accountable_hours_required, agreed_overtime_hours) VALUES
  (1,1,2025,1,'Approved',1.000,0.750,1740.40,0.00),
  (2,1,2026,1,'Draft',1.000,0.750,1740.40,0.00),
  (3,2,2025,1,'Approved',1.000,0.750,1740.40,0.00),
  (4,2,2026,1,'Submitted',1.000,0.750,1740.40,0.00),
  (5,3,2025,1,'Approved',1.000,0.750,1740.40,0.00),
  (6,3,2026,1,'Submitted',1.000,0.750,1740.40,0.00),
  (7,4,2025,1,'Approved',0.800,0.750,1392.32,0.00),
  (8,4,2026,1,'Draft',0.800,0.750,1392.32,0.00),
  (9,5,2025,1,'Approved',1.000,0.750,1740.40,0.00),
  (10,5,2026,1,'Submitted',1.000,0.750,1740.40,0.00),
  (11,6,2025,1,'Approved',1.000,0.750,1740.40,0.00),
  (12,6,2026,1,'Submitted',1.000,0.750,1740.40,0.00),
  (13,7,2025,1,'Approved',0.800,0.750,1392.32,0.00),
  (14,7,2026,1,'Draft',0.800,0.750,1392.32,0.00),
  (15,8,2025,1,'Approved',1.000,0.750,1740.40,0.00),
  (16,8,2026,1,'Draft',1.000,0.750,1740.40,0.00),
  (17,9,2025,1,'Approved',1.000,0.750,1740.40,0.00),
  (18,9,2026,1,'Submitted',1.000,0.750,1740.40,0.00),
  (19,10,2025,1,'Approved',1.000,0.750,1740.40,0.00),
  (20,10,2026,1,'Submitted',1.000,0.750,1740.40,0.00)
;

INSERT INTO public.workplan_entries (id, workplan_id, entry_type, activity_name, total_hours) VALUES
  (1,1,'Teaching Delivery','Teaching sessions',27.00),
  (2,1,'CAPPS','CAPPS preparation',20.25),
  (3,1,'Education Related Duties','Education related duties',1693.15),
  (4,2,'Education Related Duties','Education related duties',1740.40),
  (5,3,'Teaching Delivery','Teaching sessions',30.00),
  (6,3,'CAPPS','CAPPS preparation',22.50),
  (7,3,'Education Related Duties','Education related duties',1687.90),
  (8,4,'Education Related Duties','Education related duties',1740.40),
  (9,5,'Teaching Delivery','Teaching sessions',30.00),
  (10,5,'CAPPS','CAPPS preparation',22.50),
  (11,5,'Education Related Duties','Education related duties',1687.90),
  (12,6,'Education Related Duties','Education related duties',1740.40),
  (13,7,'Teaching Delivery','Teaching sessions',27.00),
  (14,7,'CAPPS','CAPPS preparation',20.25),
  (15,7,'Education Related Duties','Education related duties',1345.07),
  (16,8,'Education Related Duties','Education related duties',1392.32),
  (17,9,'Education Related Duties','Education related duties',1740.40),
  (18,10,'Teaching Delivery','Teaching sessions',30.00),
  (19,10,'CAPPS','CAPPS preparation',22.50),
  (20,10,'Education Related Duties','Education related duties',1687.90),
  (21,11,'Education Related Duties','Education related duties',1740.40),
  (22,12,'Teaching Delivery','Teaching sessions',30.00),
  (23,12,'CAPPS','CAPPS preparation',22.50),
  (24,12,'Education Related Duties','Education related duties',1687.90),
  (25,13,'Education Related Duties','Education related duties',1392.32),
  (26,14,'Teaching Delivery','Teaching sessions',30.00),
  (27,14,'CAPPS','CAPPS preparation',22.50),
  (28,14,'Education Related Duties','Education related duties',1339.82),
  (29,15,'Education Related Duties','Education related duties',1740.40),
  (30,16,'Teaching Delivery','Teaching sessions',27.00),
  (31,16,'CAPPS','CAPPS preparation',20.25),
  (32,16,'Education Related Duties','Education related duties',1693.15),
  (33,17,'Education Related Duties','Education related duties',1740.40),
  (34,18,'Education Related Duties','Education related duties',1740.40),
  (35,19,'Education Related Duties','Education related duties',1740.40),
  (36,20,'Education Related Duties','Education related duties',1740.40)
;

INSERT INTO public.pay_periods (id, period_start, period_end, period_name, calendar_year) VALUES
  (1,'2025-01-06','2025-01-19','FN01 2025',2025),
  (2,'2025-01-20','2025-02-02','FN02 2025',2025),
  (3,'2025-02-03','2025-02-16','FN03 2025',2025),
  (4,'2025-02-17','2025-03-02','FN04 2025',2025),
  (5,'2025-03-03','2025-03-16','FN05 2025',2025),
  (6,'2025-03-17','2025-03-30','FN06 2025',2025),
  (7,'2025-03-31','2025-04-13','FN07 2025',2025),
  (8,'2025-04-14','2025-04-27','FN08 2025',2025),
  (9,'2025-04-28','2025-05-11','FN09 2025',2025),
  (10,'2025-05-12','2025-05-25','FN10 2025',2025),
  (11,'2025-05-26','2025-06-08','FN11 2025',2025),
  (12,'2025-06-09','2025-06-22','FN12 2025',2025),
  (13,'2025-06-23','2025-07-06','FN13 2025',2025),
  (14,'2025-07-07','2025-07-20','FN14 2025',2025),
  (15,'2025-07-21','2025-08-03','FN15 2025',2025),
  (16,'2025-08-04','2025-08-17','FN16 2025',2025),
  (17,'2025-08-18','2025-08-31','FN17 2025',2025),
  (18,'2025-09-01','2025-09-14','FN18 2025',2025),
  (19,'2025-09-15','2025-09-28','FN19 2025',2025),
  (20,'2025-09-29','2025-10-12','FN20 2025',2025),
  (21,'2025-10-13','2025-10-26','FN21 2025',2025),
  (22,'2025-10-27','2025-11-09','FN22 2025',2025),
  (23,'2025-11-10','2025-11-23','FN23 2025',2025),
  (24,'2025-11-24','2025-12-07','FN24 2025',2025),
  (25,'2025-12-08','2025-12-21','FN25 2025',2025),
  (26,'2025-12-22','2026-01-04','FN26 2025',2025),
  (27,'2026-01-05','2026-01-18','FN01 2026',2026),
  (28,'2026-01-19','2026-02-01','FN02 2026',2026),
  (29,'2026-02-02','2026-02-15','FN03 2026',2026),
  (30,'2026-02-16','2026-03-01','FN04 2026',2026),
  (31,'2026-03-02','2026-03-15','FN05 2026',2026),
  (32,'2026-03-16','2026-03-29','FN06 2026',2026),
  (33,'2026-03-30','2026-04-12','FN07 2026',2026),
  (34,'2026-04-13','2026-04-26','FN08 2026',2026),
  (35,'2026-04-27','2026-05-10','FN09 2026',2026),
  (36,'2026-05-11','2026-05-24','FN10 2026',2026),
  (37,'2026-05-25','2026-06-07','FN11 2026',2026),
  (38,'2026-06-08','2026-06-21','FN12 2026',2026),
  (39,'2026-06-22','2026-07-05','FN13 2026',2026)
;

INSERT INTO public.timesheets (id, teacher_id, pay_period_id, status, submitted_by, submitted_at, approved_by, approved_at, exported_at, export_format) VALUES
  (1,1,1,'Exported',2,'2025-06-01 00:00:00+00',1,'2025-06-02 00:00:00+00','2025-06-03 00:00:00+00','PDF'),
  (2,1,8,'Exported',2,'2025-06-01 00:00:00+00',1,'2025-06-02 00:00:00+00','2025-06-03 00:00:00+00','PDF'),
  (3,1,14,'Exported',2,'2025-06-01 00:00:00+00',1,'2025-06-02 00:00:00+00','2025-06-03 00:00:00+00','PDF'),
  (4,1,21,'Exported',2,'2025-06-01 00:00:00+00',1,'2025-06-02 00:00:00+00','2025-06-03 00:00:00+00','PDF'),
  (5,1,27,'Approved',2,'2025-06-01 00:00:00+00',1,'2025-06-02 00:00:00+00',NULL,NULL),
  (6,1,34,'Approved',2,'2025-06-01 00:00:00+00',1,'2025-06-02 00:00:00+00',NULL,NULL),
  (7,2,1,'Exported',3,'2025-06-01 00:00:00+00',1,'2025-06-02 00:00:00+00','2025-06-03 00:00:00+00','PDF'),
  (8,2,8,'Exported',3,'2025-06-01 00:00:00+00',1,'2025-06-02 00:00:00+00','2025-06-03 00:00:00+00','PDF'),
  (9,2,14,'Exported',3,'2025-06-01 00:00:00+00',1,'2025-06-02 00:00:00+00','2025-06-03 00:00:00+00','PDF'),
  (10,2,21,'Exported',3,'2025-06-01 00:00:00+00',1,'2025-06-02 00:00:00+00','2025-06-03 00:00:00+00','PDF'),
  (11,2,27,'Approved',3,'2025-06-01 00:00:00+00',1,'2025-06-02 00:00:00+00',NULL,NULL),
  (12,2,34,'Approved',3,'2025-06-01 00:00:00+00',1,'2025-06-02 00:00:00+00',NULL,NULL),
  (13,3,1,'Exported',4,'2025-06-01 00:00:00+00',1,'2025-06-02 00:00:00+00','2025-06-03 00:00:00+00','PDF'),
  (14,3,8,'Exported',4,'2025-06-01 00:00:00+00',1,'2025-06-02 00:00:00+00','2025-06-03 00:00:00+00','PDF'),
  (15,3,14,'Exported',4,'2025-06-01 00:00:00+00',1,'2025-06-02 00:00:00+00','2025-06-03 00:00:00+00','PDF'),
  (16,3,21,'Exported',4,'2025-06-01 00:00:00+00',1,'2025-06-02 00:00:00+00','2025-06-03 00:00:00+00','PDF'),
  (17,3,27,'Approved',4,'2025-06-01 00:00:00+00',1,'2025-06-02 00:00:00+00',NULL,NULL),
  (18,3,34,'Approved',4,'2025-06-01 00:00:00+00',1,'2025-06-02 00:00:00+00',NULL,NULL),
  (19,4,1,'Exported',1,'2025-06-01 00:00:00+00',1,'2025-06-02 00:00:00+00','2025-06-03 00:00:00+00','PDF'),
  (20,4,8,'Exported',1,'2025-06-01 00:00:00+00',1,'2025-06-02 00:00:00+00','2025-06-03 00:00:00+00','PDF'),
  (21,4,14,'Exported',1,'2025-06-01 00:00:00+00',1,'2025-06-02 00:00:00+00','2025-06-03 00:00:00+00','PDF'),
  (22,4,21,'Exported',1,'2025-06-01 00:00:00+00',1,'2025-06-02 00:00:00+00','2025-06-03 00:00:00+00','PDF'),
  (23,4,27,'Approved',1,'2025-06-01 00:00:00+00',1,'2025-06-02 00:00:00+00',NULL,NULL),
  (24,4,34,'Approved',1,'2025-06-01 00:00:00+00',1,'2025-06-02 00:00:00+00',NULL,NULL),
  (25,5,1,'Exported',1,'2025-06-01 00:00:00+00',1,'2025-06-02 00:00:00+00','2025-06-03 00:00:00+00','PDF'),
  (26,5,8,'Exported',1,'2025-06-01 00:00:00+00',1,'2025-06-02 00:00:00+00','2025-06-03 00:00:00+00','PDF'),
  (27,5,14,'Exported',1,'2025-06-01 00:00:00+00',1,'2025-06-02 00:00:00+00','2025-06-03 00:00:00+00','PDF'),
  (28,5,21,'Exported',1,'2025-06-01 00:00:00+00',1,'2025-06-02 00:00:00+00','2025-06-03 00:00:00+00','PDF'),
  (29,5,27,'Approved',1,'2025-06-01 00:00:00+00',1,'2025-06-02 00:00:00+00',NULL,NULL),
  (30,5,34,'Approved',1,'2025-06-01 00:00:00+00',1,'2025-06-02 00:00:00+00',NULL,NULL),
  (31,6,1,'Exported',1,'2025-06-01 00:00:00+00',1,'2025-06-02 00:00:00+00','2025-06-03 00:00:00+00','PDF'),
  (32,6,8,'Exported',1,'2025-06-01 00:00:00+00',1,'2025-06-02 00:00:00+00','2025-06-03 00:00:00+00','PDF'),
  (33,6,14,'Exported',1,'2025-06-01 00:00:00+00',1,'2025-06-02 00:00:00+00','2025-06-03 00:00:00+00','PDF'),
  (34,6,21,'Exported',1,'2025-06-01 00:00:00+00',1,'2025-06-02 00:00:00+00','2025-06-03 00:00:00+00','PDF'),
  (35,6,27,'Approved',1,'2025-06-01 00:00:00+00',1,'2025-06-02 00:00:00+00',NULL,NULL),
  (36,6,34,'Approved',1,'2025-06-01 00:00:00+00',1,'2025-06-02 00:00:00+00',NULL,NULL),
  (37,7,1,'Exported',1,'2025-06-01 00:00:00+00',1,'2025-06-02 00:00:00+00','2025-06-03 00:00:00+00','PDF'),
  (38,7,8,'Exported',1,'2025-06-01 00:00:00+00',1,'2025-06-02 00:00:00+00','2025-06-03 00:00:00+00','PDF'),
  (39,7,14,'Exported',1,'2025-06-01 00:00:00+00',1,'2025-06-02 00:00:00+00','2025-06-03 00:00:00+00','PDF'),
  (40,7,21,'Exported',1,'2025-06-01 00:00:00+00',1,'2025-06-02 00:00:00+00','2025-06-03 00:00:00+00','PDF'),
  (41,7,27,'Approved',1,'2025-06-01 00:00:00+00',1,'2025-06-02 00:00:00+00',NULL,NULL),
  (42,7,34,'Approved',1,'2025-06-01 00:00:00+00',1,'2025-06-02 00:00:00+00',NULL,NULL),
  (43,8,1,'Exported',1,'2025-06-01 00:00:00+00',1,'2025-06-02 00:00:00+00','2025-06-03 00:00:00+00','PDF'),
  (44,8,8,'Exported',1,'2025-06-01 00:00:00+00',1,'2025-06-02 00:00:00+00','2025-06-03 00:00:00+00','PDF'),
  (45,8,14,'Exported',1,'2025-06-01 00:00:00+00',1,'2025-06-02 00:00:00+00','2025-06-03 00:00:00+00','PDF'),
  (46,8,21,'Exported',1,'2025-06-01 00:00:00+00',1,'2025-06-02 00:00:00+00','2025-06-03 00:00:00+00','PDF'),
  (47,8,27,'Approved',1,'2025-06-01 00:00:00+00',1,'2025-06-02 00:00:00+00',NULL,NULL),
  (48,8,34,'Approved',1,'2025-06-01 00:00:00+00',1,'2025-06-02 00:00:00+00',NULL,NULL),
  (49,9,1,'Exported',1,'2025-06-01 00:00:00+00',1,'2025-06-02 00:00:00+00','2025-06-03 00:00:00+00','PDF'),
  (50,9,8,'Exported',1,'2025-06-01 00:00:00+00',1,'2025-06-02 00:00:00+00','2025-06-03 00:00:00+00','PDF'),
  (51,9,14,'Exported',1,'2025-06-01 00:00:00+00',1,'2025-06-02 00:00:00+00','2025-06-03 00:00:00+00','PDF'),
  (52,9,21,'Exported',1,'2025-06-01 00:00:00+00',1,'2025-06-02 00:00:00+00','2025-06-03 00:00:00+00','PDF'),
  (53,9,27,'Approved',1,'2025-06-01 00:00:00+00',1,'2025-06-02 00:00:00+00',NULL,NULL),
  (54,9,34,'Approved',1,'2025-06-01 00:00:00+00',1,'2025-06-02 00:00:00+00',NULL,NULL),
  (55,10,1,'Exported',1,'2025-06-01 00:00:00+00',1,'2025-06-02 00:00:00+00','2025-06-03 00:00:00+00','PDF'),
  (56,10,8,'Exported',1,'2025-06-01 00:00:00+00',1,'2025-06-02 00:00:00+00','2025-06-03 00:00:00+00','PDF'),
  (57,10,14,'Exported',1,'2025-06-01 00:00:00+00',1,'2025-06-02 00:00:00+00','2025-06-03 00:00:00+00','PDF'),
  (58,10,21,'Exported',1,'2025-06-01 00:00:00+00',1,'2025-06-02 00:00:00+00','2025-06-03 00:00:00+00','PDF'),
  (59,10,27,'Approved',1,'2025-06-01 00:00:00+00',1,'2025-06-02 00:00:00+00',NULL,NULL),
  (60,10,34,'Approved',1,'2025-06-01 00:00:00+00',1,'2025-06-02 00:00:00+00',NULL,NULL)
;

INSERT INTO public.timesheet_entries (id, timesheet_id, entry_date, entry_type, hours, is_overtime) VALUES
  (1,1,'2025-01-07','Teaching Delivery',18.46,FALSE),
  (2,1,'2025-01-07','CAPPS',13.85,FALSE),
  (3,1,'2025-01-07','Education Related Duties',4.62,FALSE),
  (4,2,'2025-04-15','Teaching Delivery',18.46,FALSE),
  (5,2,'2025-04-15','CAPPS',13.85,FALSE),
  (6,2,'2025-04-15','Education Related Duties',4.62,FALSE),
  (7,3,'2025-07-08','Teaching Delivery',18.46,FALSE),
  (8,3,'2025-07-08','CAPPS',13.85,FALSE),
  (9,3,'2025-07-08','Education Related Duties',4.62,FALSE),
  (10,4,'2025-10-14','Teaching Delivery',18.46,FALSE),
  (11,4,'2025-10-14','CAPPS',13.85,FALSE),
  (12,4,'2025-10-14','Education Related Duties',4.62,FALSE),
  (13,5,'2026-01-06','Teaching Delivery',18.46,FALSE),
  (14,5,'2026-01-06','CAPPS',13.85,FALSE),
  (15,5,'2026-01-06','Education Related Duties',4.62,FALSE),
  (16,6,'2026-04-14','Teaching Delivery',18.46,FALSE),
  (17,6,'2026-04-14','CAPPS',13.85,FALSE),
  (18,6,'2026-04-14','Education Related Duties',4.62,FALSE),
  (19,7,'2025-01-07','Teaching Delivery',18.46,FALSE),
  (20,7,'2025-01-07','CAPPS',13.85,FALSE),
  (21,7,'2025-01-07','Education Related Duties',4.62,FALSE),
  (22,8,'2025-04-15','Teaching Delivery',18.46,FALSE),
  (23,8,'2025-04-15','CAPPS',13.85,FALSE),
  (24,8,'2025-04-15','Education Related Duties',4.62,FALSE),
  (25,9,'2025-07-08','Teaching Delivery',18.46,FALSE),
  (26,9,'2025-07-08','CAPPS',13.85,FALSE),
  (27,9,'2025-07-08','Education Related Duties',4.62,FALSE),
  (28,10,'2025-10-14','Teaching Delivery',18.46,FALSE),
  (29,10,'2025-10-14','CAPPS',13.85,FALSE),
  (30,10,'2025-10-14','Education Related Duties',4.62,FALSE),
  (31,11,'2026-01-06','Teaching Delivery',18.46,FALSE),
  (32,11,'2026-01-06','CAPPS',13.85,FALSE),
  (33,11,'2026-01-06','Education Related Duties',4.62,FALSE),
  (34,12,'2026-04-14','Teaching Delivery',18.46,FALSE),
  (35,12,'2026-04-14','CAPPS',13.85,FALSE),
  (36,12,'2026-04-14','Education Related Duties',4.62,FALSE),
  (37,13,'2025-01-07','Teaching Delivery',18.46,FALSE),
  (38,13,'2025-01-07','CAPPS',13.85,FALSE),
  (39,13,'2025-01-07','Education Related Duties',4.62,FALSE),
  (40,14,'2025-04-15','Teaching Delivery',18.46,FALSE),
  (41,14,'2025-04-15','CAPPS',13.85,FALSE),
  (42,14,'2025-04-15','Education Related Duties',4.62,FALSE),
  (43,15,'2025-07-08','Teaching Delivery',18.46,FALSE),
  (44,15,'2025-07-08','CAPPS',13.85,FALSE),
  (45,15,'2025-07-08','Education Related Duties',4.62,FALSE),
  (46,16,'2025-10-14','Teaching Delivery',18.46,FALSE),
  (47,16,'2025-10-14','CAPPS',13.85,FALSE),
  (48,16,'2025-10-14','Education Related Duties',4.62,FALSE),
  (49,17,'2026-01-06','Teaching Delivery',18.46,FALSE),
  (50,17,'2026-01-06','CAPPS',13.85,FALSE),
  (51,17,'2026-01-06','Education Related Duties',4.62,FALSE),
  (52,18,'2026-04-14','Teaching Delivery',18.46,FALSE),
  (53,18,'2026-04-14','CAPPS',13.85,FALSE),
  (54,18,'2026-04-14','Education Related Duties',4.62,FALSE),
  (55,19,'2025-01-07','Teaching Delivery',14.77,FALSE),
  (56,19,'2025-01-07','CAPPS',11.08,FALSE),
  (57,19,'2025-01-07','Education Related Duties',3.69,FALSE),
  (58,20,'2025-04-15','Teaching Delivery',14.77,FALSE),
  (59,20,'2025-04-15','CAPPS',11.08,FALSE),
  (60,20,'2025-04-15','Education Related Duties',3.69,FALSE),
  (61,21,'2025-07-08','Teaching Delivery',14.77,FALSE),
  (62,21,'2025-07-08','CAPPS',11.08,FALSE),
  (63,21,'2025-07-08','Education Related Duties',3.69,FALSE),
  (64,22,'2025-10-14','Teaching Delivery',14.77,FALSE),
  (65,22,'2025-10-14','CAPPS',11.08,FALSE),
  (66,22,'2025-10-14','Education Related Duties',3.69,FALSE),
  (67,23,'2026-01-06','Teaching Delivery',14.77,FALSE),
  (68,23,'2026-01-06','CAPPS',11.08,FALSE),
  (69,23,'2026-01-06','Education Related Duties',3.69,FALSE),
  (70,24,'2026-04-14','Teaching Delivery',14.77,FALSE),
  (71,24,'2026-04-14','CAPPS',11.08,FALSE),
  (72,24,'2026-04-14','Education Related Duties',3.69,FALSE),
  (73,25,'2025-01-07','Teaching Delivery',18.46,FALSE),
  (74,25,'2025-01-07','CAPPS',13.85,FALSE),
  (75,25,'2025-01-07','Education Related Duties',4.62,FALSE),
  (76,26,'2025-04-15','Teaching Delivery',18.46,FALSE),
  (77,26,'2025-04-15','CAPPS',13.85,FALSE),
  (78,26,'2025-04-15','Education Related Duties',4.62,FALSE),
  (79,27,'2025-07-08','Teaching Delivery',18.46,FALSE),
  (80,27,'2025-07-08','CAPPS',13.85,FALSE),
  (81,27,'2025-07-08','Education Related Duties',4.62,FALSE),
  (82,28,'2025-10-14','Teaching Delivery',18.46,FALSE),
  (83,28,'2025-10-14','CAPPS',13.85,FALSE),
  (84,28,'2025-10-14','Education Related Duties',4.62,FALSE),
  (85,29,'2026-01-06','Teaching Delivery',18.46,FALSE),
  (86,29,'2026-01-06','CAPPS',13.85,FALSE),
  (87,29,'2026-01-06','Education Related Duties',4.62,FALSE),
  (88,30,'2026-04-14','Teaching Delivery',18.46,FALSE),
  (89,30,'2026-04-14','CAPPS',13.85,FALSE),
  (90,30,'2026-04-14','Education Related Duties',4.62,FALSE),
  (91,31,'2025-01-07','Teaching Delivery',18.46,FALSE),
  (92,31,'2025-01-07','CAPPS',13.85,FALSE),
  (93,31,'2025-01-07','Education Related Duties',4.62,FALSE),
  (94,32,'2025-04-15','Teaching Delivery',18.46,FALSE),
  (95,32,'2025-04-15','CAPPS',13.85,FALSE),
  (96,32,'2025-04-15','Education Related Duties',4.62,FALSE),
  (97,33,'2025-07-08','Teaching Delivery',18.46,FALSE),
  (98,33,'2025-07-08','CAPPS',13.85,FALSE),
  (99,33,'2025-07-08','Education Related Duties',4.62,FALSE),
  (100,34,'2025-10-14','Teaching Delivery',18.46,FALSE),
  (101,34,'2025-10-14','CAPPS',13.85,FALSE),
  (102,34,'2025-10-14','Education Related Duties',4.62,FALSE),
  (103,35,'2026-01-06','Teaching Delivery',18.46,FALSE),
  (104,35,'2026-01-06','CAPPS',13.85,FALSE),
  (105,35,'2026-01-06','Education Related Duties',4.62,FALSE),
  (106,36,'2026-04-14','Teaching Delivery',18.46,FALSE),
  (107,36,'2026-04-14','CAPPS',13.85,FALSE),
  (108,36,'2026-04-14','Education Related Duties',4.62,FALSE),
  (109,37,'2025-01-07','Teaching Delivery',14.77,FALSE),
  (110,37,'2025-01-07','CAPPS',11.08,FALSE),
  (111,37,'2025-01-07','Education Related Duties',3.69,FALSE),
  (112,38,'2025-04-15','Teaching Delivery',14.77,FALSE),
  (113,38,'2025-04-15','CAPPS',11.08,FALSE),
  (114,38,'2025-04-15','Education Related Duties',3.69,FALSE),
  (115,39,'2025-07-08','Teaching Delivery',14.77,FALSE),
  (116,39,'2025-07-08','CAPPS',11.08,FALSE),
  (117,39,'2025-07-08','Education Related Duties',3.69,FALSE),
  (118,40,'2025-10-14','Teaching Delivery',14.77,FALSE),
  (119,40,'2025-10-14','CAPPS',11.08,FALSE),
  (120,40,'2025-10-14','Education Related Duties',3.69,FALSE),
  (121,41,'2026-01-06','Teaching Delivery',14.77,FALSE),
  (122,41,'2026-01-06','CAPPS',11.08,FALSE),
  (123,41,'2026-01-06','Education Related Duties',3.69,FALSE),
  (124,42,'2026-04-14','Teaching Delivery',14.77,FALSE),
  (125,42,'2026-04-14','CAPPS',11.08,FALSE),
  (126,42,'2026-04-14','Education Related Duties',3.69,FALSE),
  (127,43,'2025-01-07','Teaching Delivery',18.46,FALSE),
  (128,43,'2025-01-07','CAPPS',13.85,FALSE),
  (129,43,'2025-01-07','Education Related Duties',4.62,FALSE),
  (130,44,'2025-04-15','Teaching Delivery',18.46,FALSE),
  (131,44,'2025-04-15','CAPPS',13.85,FALSE),
  (132,44,'2025-04-15','Education Related Duties',4.62,FALSE),
  (133,45,'2025-07-08','Teaching Delivery',18.46,FALSE),
  (134,45,'2025-07-08','CAPPS',13.85,FALSE),
  (135,45,'2025-07-08','Education Related Duties',4.62,FALSE),
  (136,46,'2025-10-14','Teaching Delivery',18.46,FALSE),
  (137,46,'2025-10-14','CAPPS',13.85,FALSE),
  (138,46,'2025-10-14','Education Related Duties',4.62,FALSE),
  (139,47,'2026-01-06','Teaching Delivery',18.46,FALSE),
  (140,47,'2026-01-06','CAPPS',13.85,FALSE),
  (141,47,'2026-01-06','Education Related Duties',4.62,FALSE),
  (142,48,'2026-04-14','Teaching Delivery',18.46,FALSE),
  (143,48,'2026-04-14','CAPPS',13.85,FALSE),
  (144,48,'2026-04-14','Education Related Duties',4.62,FALSE),
  (145,49,'2025-01-07','Teaching Delivery',18.46,FALSE),
  (146,49,'2025-01-07','CAPPS',13.85,FALSE),
  (147,49,'2025-01-07','Education Related Duties',4.62,FALSE),
  (148,50,'2025-04-15','Teaching Delivery',18.46,FALSE),
  (149,50,'2025-04-15','CAPPS',13.85,FALSE),
  (150,50,'2025-04-15','Education Related Duties',4.62,FALSE),
  (151,51,'2025-07-08','Teaching Delivery',18.46,FALSE),
  (152,51,'2025-07-08','CAPPS',13.85,FALSE),
  (153,51,'2025-07-08','Education Related Duties',4.62,FALSE),
  (154,52,'2025-10-14','Teaching Delivery',18.46,FALSE),
  (155,52,'2025-10-14','CAPPS',13.85,FALSE),
  (156,52,'2025-10-14','Education Related Duties',4.62,FALSE),
  (157,53,'2026-01-06','Teaching Delivery',18.46,FALSE),
  (158,53,'2026-01-06','CAPPS',13.85,FALSE),
  (159,53,'2026-01-06','Education Related Duties',4.62,FALSE),
  (160,54,'2026-04-14','Teaching Delivery',18.46,FALSE),
  (161,54,'2026-04-14','CAPPS',13.85,FALSE),
  (162,54,'2026-04-14','Education Related Duties',4.62,FALSE),
  (163,55,'2025-01-07','Teaching Delivery',18.46,FALSE),
  (164,55,'2025-01-07','CAPPS',13.85,FALSE),
  (165,55,'2025-01-07','Education Related Duties',4.62,FALSE),
  (166,56,'2025-04-15','Teaching Delivery',18.46,FALSE),
  (167,56,'2025-04-15','CAPPS',13.85,FALSE),
  (168,56,'2025-04-15','Education Related Duties',4.62,FALSE),
  (169,57,'2025-07-08','Teaching Delivery',18.46,FALSE),
  (170,57,'2025-07-08','CAPPS',13.85,FALSE),
  (171,57,'2025-07-08','Education Related Duties',4.62,FALSE),
  (172,58,'2025-10-14','Teaching Delivery',18.46,FALSE),
  (173,58,'2025-10-14','CAPPS',13.85,FALSE),
  (174,58,'2025-10-14','Education Related Duties',4.62,FALSE),
  (175,59,'2026-01-06','Teaching Delivery',18.46,FALSE),
  (176,59,'2026-01-06','CAPPS',13.85,FALSE),
  (177,59,'2026-01-06','Education Related Duties',4.62,FALSE),
  (178,60,'2026-04-14','Teaching Delivery',18.46,FALSE),
  (179,60,'2026-04-14','CAPPS',13.85,FALSE),
  (180,60,'2026-04-14','Education Related Duties',4.62,FALSE)
;

-- Advance sequences past inserted IDs
SELECT setval('public.people_id_seq', 63, true);
SELECT setval('public.app_users_id_seq', 6, true);
SELECT setval('public.faculties_id_seq', 3, true);
SELECT setval('public.secondary_schools_id_seq', 5, true);
SELECT setval('public.training_orgs_id_seq', 1, true);
SELECT setval('public.delivery_locations_id_seq', 2, true);
SELECT setval('public.buildings_id_seq', 4, true);
SELECT setval('public.rooms_id_seq', 12, true);
SELECT setval('public.programs_id_seq', 8, true);
SELECT setval('public.subjects_id_seq', 24, true);
SELECT setval('public.academic_periods_id_seq', 4, true);
SELECT setval('public.student_guardians_id_seq', 15, true);
SELECT setval('public.student_course_enrollments_id_seq', 50, true);
SELECT setval('public.client_subject_enrolments_id_seq', 100, true);
SELECT setval('public.class_enrollments_id_seq', 50, true);
SELECT setval('public.session_attendance_id_seq', 231, true);
SELECT setval('public.classes_id_seq', 8, true);
SELECT setval('public.class_slots_id_seq', 8, true);
SELECT setval('public.class_sessions_id_seq', 80, true);
SELECT setval('public.teacher_yearly_balances_id_seq', 20, true);
SELECT setval('public.workplans_id_seq', 20, true);
SELECT setval('public.workplan_entries_id_seq', 36, true);
SELECT setval('public.pay_periods_id_seq', 39, true);
SELECT setval('public.timesheets_id_seq', 60, true);
SELECT setval('public.timesheet_entries_id_seq', 180, true);

COMMIT;

-- Summary:
--   63 people  (10 teachers, 3 staff, 50 students)
--   8 classes, 80 sessions, 231 attendance records
--   50 course enrolments, 100 subject enrolments
--   20 workplans, 36 workplan entries
--   39 pay periods, 60 timesheets, 180 timesheet entries
